
insert into Customer values ('00000', Mrs', 'Jagslamartron', 'Drakclotron', '0000000000000000', to_date('SEP-2017', 'MON-YYYY'), '000 United Rd', 'Pittsburgh', 'PA', '1234567000', 'JagslamartronDrakclotron000@gmail.com', '00003');
insert into Customer values ('00001', Mr', 'Mroksord', 'Azurcraark', '0000000000000001', to_date('JAN-2009', 'MON-YYYY'), '001 United Rd', 'Pittsburgh', 'PA', '1234567001', 'MroksordAzurcraark001@gmail.com', '00008');
insert into Customer values ('00002', Mr', 'Jarzoirer', 'Merredmed', '0000000000000002', to_date('FEB-2015', 'MON-YYYY'), '002 United Rd', 'Pittsburgh', 'PA', '1234567002', 'JarzoirerMerredmed002@gmail.com', '00002');
insert into Customer values ('00003', Mr', 'Rayaird', 'Reicresd', '0000000000000003', to_date('OCT-2009', 'MON-YYYY'), '003 United Rd', 'Pittsburgh', 'PA', '1234567003', 'RayairdReicresd003@gmail.com', '00001');
insert into Customer values ('00004', Mrs', 'Draksalmarer', 'Ralorier', '0000000000000004', to_date('SEP-2012', 'MON-YYYY'), '004 United Rd', 'Pittsburgh', 'PA', '1234567004', 'DraksalmarerRalorier004@gmail.com', '00001');
insert into Customer values ('00005', Mrs', 'Zorklorimur', 'Morlories', '0000000000000005', to_date('NOV-2012', 'MON-YYYY'), '005 United Rd', 'Pittsburgh', 'PA', '1234567005', 'ZorklorimurMorlories005@gmail.com', '00000');
insert into Customer values ('00006', Mr', 'Raurakd', 'Breredarc', '0000000000000006', to_date('OCT-2007', 'MON-YYYY'), '006 United Rd', 'Pittsburgh', 'PA', '1234567006', 'RaurakdBreredarc006@gmail.com', '00004');
insert into Customer values ('00007', Mrs', 'Croairtron', 'Razermur', '0000000000000007', to_date('DEC-2003', 'MON-YYYY'), '007 United Rd', 'Pittsburgh', 'PA', '1234567007', 'CroairtronRazermur007@gmail.com', '00002');
insert into Customer values ('00008', Mr', 'Crouraktron', 'Zurzermur', '0000000000000008', to_date('NOV-2007', 'MON-YYYY'), '008 United Rd', 'Pittsburgh', 'PA', '1234567008', 'CrouraktronZurzermur008@gmail.com', '00006');
insert into Customer values ('00009', Mr', 'Lukmaracure', 'Krmeeder', '0000000000000009', to_date('OCT-2001', 'MON-YYYY'), '009 United Rd', 'Pittsburgh', 'PA', '1234567009', 'LukmaracureKrmeeder009@gmail.com', '00000');
insert into Customer values ('00010', Mr', 'Zedmaracmed', 'Marurakder', '0000000000000010', to_date('MAR-2002', 'MON-YYYY'), '010 United Rd', 'Pittsburgh', 'PA', '1234567010', 'ZedmaracmedMarurakder010@gmail.com', '00006');
insert into Customer values ('00011', Mrs', 'Mjolird', 'Merslamarark', '0000000000000011', to_date('MAY-2019', 'MON-YYYY'), '011 United Rd', 'Pittsburgh', 'PA', '1234567011', 'MjolirdMerslamarark011@gmail.com', '00004');
insert into Customer values ('00012', Mrs', 'Morired', 'Mormied', '0000000000000012', to_date('JUL-2009', 'MON-YYYY'), '012 United Rd', 'Pittsburgh', 'PA', '1234567012', 'MoriredMormied012@gmail.com', '00004');
insert into Customer values ('00013', Mr', 'Azurarkder', 'Bresalmarmed', '0000000000000013', to_date('FEB-2009', 'MON-YYYY'), '013 United Rd', 'Pittsburgh', 'PA', '1234567013', 'AzurarkderBresalmarmed013@gmail.com', '00007');
insert into Customer values ('00014', Mr', 'Raymider', 'Zedarcarc', '0000000000000014', to_date('FEB-2002', 'MON-YYYY'), '014 United Rd', 'Pittsburgh', 'PA', '1234567014', 'RaymiderZedarcarc014@gmail.com', '00002');
insert into Customer values ('00015', Mrs', 'Madmies', 'Razertron', '0000000000000015', to_date('OCT-2002', 'MON-YYYY'), '015 United Rd', 'Pittsburgh', 'PA', '1234567015', 'MadmiesRazertron015@gmail.com', '00004');
insert into Customer values ('00016', Mrs', 'Azurlorider', 'Crysorcred', '0000000000000016', to_date('NOV-2017', 'MON-YYYY'), '016 United Rd', 'Pittsburgh', 'PA', '1234567016', 'AzurloriderCrysorcred016@gmail.com', '00003');
insert into Customer values ('00017', Mr', 'Madsalmarmed', 'Krmurark', '0000000000000017', to_date('JAN-2010', 'MON-YYYY'), '017 United Rd', 'Pittsburgh', 'PA', '1234567017', 'MadsalmarmedKrmurark017@gmail.com', '00007');
insert into Customer values ('00018', Mrs', 'Krmaracd', 'Reiarcder', '0000000000000018', to_date('APR-2008', 'MON-YYYY'), '018 United Rd', 'Pittsburgh', 'PA', '1234567018', 'KrmaracdReiarcder018@gmail.com', '00000');
insert into Customer values ('00019', Mr', 'Azakmurmed', 'Cacratron', '0000000000000019', to_date('SEP-2011', 'MON-YYYY'), '019 United Rd', 'Pittsburgh', 'PA', '1234567019', 'AzakmurmedCacratron019@gmail.com', '00004');
insert into Customer values ('00020', Mrs', 'Cromurtron', 'Rayarccred', '0000000000000020', to_date('MAY-2016', 'MON-YYYY'), '020 United Rd', 'Pittsburgh', 'PA', '1234567020', 'CromurtronRayarccred020@gmail.com', '00004');
insert into Customer values ('00021', Mr', 'Careded', 'Azakmid', '0000000000000021', to_date('JAN-2017', 'MON-YYYY'), '021 United Rd', 'Pittsburgh', 'PA', '1234567021', 'CarededAzakmid021@gmail.com', '00000');
insert into Customer values ('00022', Mrs', 'Mjolirmur', 'Moruraker', '0000000000000022', to_date('MAY-2004', 'MON-YYYY'), '022 United Rd', 'Pittsburgh', 'PA', '1234567022', 'MjolirmurMoruraker022@gmail.com', '00001');
insert into Customer values ('00023', Mrs', 'Creomiriure', 'Reiarcure', '0000000000000023', to_date('JAN-2006', 'MON-YYYY'), '023 United Rd', 'Pittsburgh', 'PA', '1234567023', 'CreomiriureReiarcure023@gmail.com', '00000');
insert into Customer values ('00024', Mr', 'Morclotron', 'Azakcloer', '0000000000000024', to_date('JUL-2017', 'MON-YYYY'), '024 United Rd', 'Pittsburgh', 'PA', '1234567024', 'MorclotronAzakcloer024@gmail.com', '00008');
insert into Customer values ('00025', Mrs', 'Creosalmarder', 'Croarker', '0000000000000025', to_date('NOV-2001', 'MON-YYYY'), '025 United Rd', 'Pittsburgh', 'PA', '1234567025', 'CreosalmarderCroarker025@gmail.com', '00004');
insert into Customer values ('00026', Mrs', 'Drakredarc', 'Mermurarc', '0000000000000026', to_date('OCT-2007', 'MON-YYYY'), '026 United Rd', 'Pittsburgh', 'PA', '1234567026', 'DrakredarcMermurarc026@gmail.com', '00005');
insert into Customer values ('00027', Mr', 'Croslamartron', 'Cryarced', '0000000000000027', to_date('NOV-2018', 'MON-YYYY'), '027 United Rd', 'Pittsburgh', 'PA', '1234567027', 'CroslamartronCryarced027@gmail.com', '00001');
insert into Customer values ('00028', Mrs', 'Creocloder', 'Rayaird', '0000000000000028', to_date('JUN-2014', 'MON-YYYY'), '028 United Rd', 'Pittsburgh', 'PA', '1234567028', 'CreocloderRayaird028@gmail.com', '00007');
insert into Customer values ('00029', Mrs', 'Mjolslamarmur', 'Creoairure', '0000000000000029', to_date('SEP-2013', 'MON-YYYY'), '029 United Rd', 'Pittsburgh', 'PA', '1234567029', 'MjolslamarmurCreoairure029@gmail.com', '00004');
insert into Customer values ('00030', Mrs', 'Mjolarcder', 'Camaraczur', '0000000000000030', to_date('SEP-2019', 'MON-YYYY'), '030 United Rd', 'Pittsburgh', 'PA', '1234567030', 'MjolarcderCamaraczur030@gmail.com', '00001');
insert into Customer values ('00031', Mr', 'Jagsorer', 'Lukmeeed', '0000000000000031', to_date('JUN-2002', 'MON-YYYY'), '031 United Rd', 'Pittsburgh', 'PA', '1234567031', 'JagsorerLukmeeed031@gmail.com', '00001');
insert into Customer values ('00032', Mr', 'Drakmaraces', 'Marairer', '0000000000000032', to_date('JUL-2004', 'MON-YYYY'), '032 United Rd', 'Pittsburgh', 'PA', '1234567032', 'DrakmaracesMarairer032@gmail.com', '00001');
insert into Customer values ('00033', Mrs', 'Raycrestron', 'Morzermed', '0000000000000033', to_date('APR-2000', 'MON-YYYY'), '033 United Rd', 'Pittsburgh', 'PA', '1234567033', 'RaycrestronMorzermed033@gmail.com', '00003');
insert into Customer values ('00034', Mr', 'Razermur', 'Madslamares', '0000000000000034', to_date('FEB-2005', 'MON-YYYY'), '034 United Rd', 'Pittsburgh', 'PA', '1234567034', 'RazermurMadslamares034@gmail.com', '00001');
insert into Customer values ('00035', Mrs', 'Jagcresmur', 'Crolorider', '0000000000000035', to_date('APR-2004', 'MON-YYYY'), '035 United Rd', 'Pittsburgh', 'PA', '1234567035', 'JagcresmurCrolorider035@gmail.com', '00001');
insert into Customer values ('00036', Mrs', 'Reiurakd', 'Azurarczur', '0000000000000036', to_date('JUN-2010', 'MON-YYYY'), '036 United Rd', 'Pittsburgh', 'PA', '1234567036', 'ReiurakdAzurarczur036@gmail.com', '00000');
insert into Customer values ('00037', Mr', 'Merires', 'Azurlorider', '0000000000000037', to_date('MAY-2006', 'MON-YYYY'), '037 United Rd', 'Pittsburgh', 'PA', '1234567037', 'MeriresAzurlorider037@gmail.com', '00001');
insert into Customer values ('00038', Mrs', 'Mjolmeearc', 'Cruarcer', '0000000000000038', to_date('APR-2005', 'MON-YYYY'), '038 United Rd', 'Pittsburgh', 'PA', '1234567038', 'MjolmeearcCruarcer038@gmail.com', '00007');
insert into Customer values ('00039', Mrs', 'Cazoirer', 'Zurzoirder', '0000000000000039', to_date('JUN-2004', 'MON-YYYY'), '039 United Rd', 'Pittsburgh', 'PA', '1234567039', 'CazoirerZurzoirder039@gmail.com', '00001');
insert into Customer values ('00040', Mr', 'Cairtron', 'Jagloriure', '0000000000000040', to_date('AUG-2005', 'MON-YYYY'), '040 United Rd', 'Pittsburgh', 'PA', '1234567040', 'CairtronJagloriure040@gmail.com', '00009');
insert into Customer values ('00041', Mrs', 'Zedslamarcred', 'Azakredure', '0000000000000041', to_date('MAY-2019', 'MON-YYYY'), '041 United Rd', 'Pittsburgh', 'PA', '1234567041', 'ZedslamarcredAzakredure041@gmail.com', '00006');
insert into Customer values ('00042', Mrs', 'Raycreszur', 'Cacraark', '0000000000000042', to_date('DEC-2008', 'MON-YYYY'), '042 United Rd', 'Pittsburgh', 'PA', '1234567042', 'RaycreszurCacraark042@gmail.com', '00004');
insert into Customer values ('00043', Mrs', 'Cruarkder', 'Zorkcreses', '0000000000000043', to_date('APR-2011', 'MON-YYYY'), '043 United Rd', 'Pittsburgh', 'PA', '1234567043', 'CruarkderZorkcreses043@gmail.com', '00004');
insert into Customer values ('00044', Mr', 'Mjolaircred', 'Drakzerark', '0000000000000044', to_date('AUG-2012', 'MON-YYYY'), '044 United Rd', 'Pittsburgh', 'PA', '1234567044', 'MjolaircredDrakzerark044@gmail.com', '00002');
insert into Customer values ('00045', Mrs', 'Creocloer', 'Zedzoirer', '0000000000000045', to_date('APR-2008', 'MON-YYYY'), '045 United Rd', 'Pittsburgh', 'PA', '1234567045', 'CreocloerZedzoirer045@gmail.com', '00009');
insert into Customer values ('00046', Mrs', 'Zedcloer', 'Maduraktron', '0000000000000046', to_date('APR-2002', 'MON-YYYY'), '046 United Rd', 'Pittsburgh', 'PA', '1234567046', 'ZedcloerMaduraktron046@gmail.com', '00000');
insert into Customer values ('00047', Mrs', 'Azurarces', 'Zorkarkder', '0000000000000047', to_date('APR-2003', 'MON-YYYY'), '047 United Rd', 'Pittsburgh', 'PA', '1234567047', 'AzurarcesZorkarkder047@gmail.com', '00001');
insert into Customer values ('00048', Mrs', 'Breurakark', 'Reiarced', '0000000000000048', to_date('AUG-2000', 'MON-YYYY'), '048 United Rd', 'Pittsburgh', 'PA', '1234567048', 'BreurakarkReiarced048@gmail.com', '00009');
insert into Customer values ('00049', Mr', 'Lukcratron', 'Jarzoirmur', '0000000000000049', to_date('JUL-2007', 'MON-YYYY'), '049 United Rd', 'Pittsburgh', 'PA', '1234567049', 'LukcratronJarzoirmur049@gmail.com', '00009');
insert into Customer values ('00050', Mr', 'Merires', 'Marcresark', '0000000000000050', to_date('MAR-2017', 'MON-YYYY'), '050 United Rd', 'Pittsburgh', 'PA', '1234567050', 'MeriresMarcresark050@gmail.com', '00002');
insert into Customer values ('00051', Mr', 'Zedmaracer', 'Crumeeder', '0000000000000051', to_date('FEB-2010', 'MON-YYYY'), '051 United Rd', 'Pittsburgh', 'PA', '1234567051', 'ZedmaracerCrumeeder051@gmail.com', '00003');
insert into Customer values ('00052', Mr', 'Creoarcd', 'Azakmeed', '0000000000000052', to_date('JAN-2002', 'MON-YYYY'), '052 United Rd', 'Pittsburgh', 'PA', '1234567052', 'CreoarcdAzakmeed052@gmail.com', '00006');
insert into Customer values ('00053', Mrs', 'Zurcloark', 'Mersorark', '0000000000000053', to_date('APR-2001', 'MON-YYYY'), '053 United Rd', 'Pittsburgh', 'PA', '1234567053', 'ZurcloarkMersorark053@gmail.com', '00007');
insert into Customer values ('00054', Mrs', 'Mormurcred', 'Brecramur', '0000000000000054', to_date('OCT-2008', 'MON-YYYY'), '054 United Rd', 'Pittsburgh', 'PA', '1234567054', 'MormurcredBrecramur054@gmail.com', '00002');
insert into Customer values ('00055', Mr', 'Cazerure', 'Merairer', '0000000000000055', to_date('MAY-2003', 'MON-YYYY'), '055 United Rd', 'Pittsburgh', 'PA', '1234567055', 'CazerureMerairer055@gmail.com', '00000');
insert into Customer values ('00056', Mrs', 'Azakzoired', 'Crosorure', '0000000000000056', to_date('JAN-2010', 'MON-YYYY'), '056 United Rd', 'Pittsburgh', 'PA', '1234567056', 'AzakzoiredCrosorure056@gmail.com', '00006');
insert into Customer values ('00057', Mr', 'Zururakder', 'Jagredd', '0000000000000057', to_date('JAN-2006', 'MON-YYYY'), '057 United Rd', 'Pittsburgh', 'PA', '1234567057', 'ZururakderJagredd057@gmail.com', '00008');
insert into Customer values ('00058', Mr', 'Mjolarkzur', 'Jarairder', '0000000000000058', to_date('OCT-2012', 'MON-YYYY'), '058 United Rd', 'Pittsburgh', 'PA', '1234567058', 'MjolarkzurJarairder058@gmail.com', '00004');
insert into Customer values ('00059', Mr', 'Marsorder', 'Zedzerd', '0000000000000059', to_date('DEC-2014', 'MON-YYYY'), '059 United Rd', 'Pittsburgh', 'PA', '1234567059', 'MarsorderZedzerd059@gmail.com', '00000');
insert into Customer values ('00060', Mr', 'Madmeed', 'Azakarccred', '0000000000000060', to_date('MAY-2005', 'MON-YYYY'), '060 United Rd', 'Pittsburgh', 'PA', '1234567060', 'MadmeedAzakarccred060@gmail.com', '00009');
insert into Customer values ('00061', Mr', 'Cruairzur', 'Zorkairzur', '0000000000000061', to_date('AUG-2019', 'MON-YYYY'), '061 United Rd', 'Pittsburgh', 'PA', '1234567061', 'CruairzurZorkairzur061@gmail.com', '00006');
insert into Customer values ('00062', Mrs', 'Jagurakzur', 'Mersalmard', '0000000000000062', to_date('APR-2005', 'MON-YYYY'), '062 United Rd', 'Pittsburgh', 'PA', '1234567062', 'JagurakzurMersalmard062@gmail.com', '00008');
insert into Customer values ('00063', Mrs', 'Drakmirier', 'Crymitron', '0000000000000063', to_date('AUG-2014', 'MON-YYYY'), '063 United Rd', 'Pittsburgh', 'PA', '1234567063', 'DrakmirierCrymitron063@gmail.com', '00004');
insert into Customer values ('00064', Mr', 'Krarkark', 'Raysortron', '0000000000000064', to_date('JAN-2012', 'MON-YYYY'), '064 United Rd', 'Pittsburgh', 'PA', '1234567064', 'KrarkarkRaysortron064@gmail.com', '00000');
insert into Customer values ('00065', Mrs', 'Lukcrestron', 'Zedmures', '0000000000000065', to_date('NOV-2002', 'MON-YYYY'), '065 United Rd', 'Pittsburgh', 'PA', '1234567065', 'LukcrestronZedmures065@gmail.com', '00003');
insert into Customer values ('00066', Mrs', 'Jarzoircred', 'Crylorid', '0000000000000066', to_date('SEP-2008', 'MON-YYYY'), '066 United Rd', 'Pittsburgh', 'PA', '1234567066', 'JarzoircredCrylorid066@gmail.com', '00004');
insert into Customer values ('00067', Mrs', 'Krlorizur', 'Azakcraark', '0000000000000067', to_date('APR-2002', 'MON-YYYY'), '067 United Rd', 'Pittsburgh', 'PA', '1234567067', 'KrlorizurAzakcraark067@gmail.com', '00004');
insert into Customer values ('00068', Mr', 'Mrokmimur', 'Madcraure', '0000000000000068', to_date('DEC-2004', 'MON-YYYY'), '068 United Rd', 'Pittsburgh', 'PA', '1234567068', 'MrokmimurMadcraure068@gmail.com', '00002');
insert into Customer values ('00069', Mr', 'Reimies', 'Lukmiries', '0000000000000069', to_date('SEP-2007', 'MON-YYYY'), '069 United Rd', 'Pittsburgh', 'PA', '1234567069', 'ReimiesLukmiries069@gmail.com', '00007');
insert into Customer values ('00070', Mr', 'Breredes', 'Jagmirier', '0000000000000070', to_date('JUN-2005', 'MON-YYYY'), '070 United Rd', 'Pittsburgh', 'PA', '1234567070', 'BreredesJagmirier070@gmail.com', '00007');
insert into Customer values ('00071', Mrs', 'Creoarkd', 'Cromaracark', '0000000000000071', to_date('OCT-2019', 'MON-YYYY'), '071 United Rd', 'Pittsburgh', 'PA', '1234567071', 'CreoarkdCromaracark071@gmail.com', '00007');
insert into Customer values ('00072', Mr', 'Zorkmimur', 'Azakirer', '0000000000000072', to_date('APR-2015', 'MON-YYYY'), '072 United Rd', 'Pittsburgh', 'PA', '1234567072', 'ZorkmimurAzakirer072@gmail.com', '00005');
insert into Customer values ('00073', Mrs', 'Azakmurarc', 'Azakurakes', '0000000000000073', to_date('NOV-2003', 'MON-YYYY'), '073 United Rd', 'Pittsburgh', 'PA', '1234567073', 'AzakmurarcAzakurakes073@gmail.com', '00002');
insert into Customer values ('00074', Mr', 'Lukmiries', 'Azurarczur', '0000000000000074', to_date('SEP-2016', 'MON-YYYY'), '074 United Rd', 'Pittsburgh', 'PA', '1234567074', 'LukmiriesAzurarczur074@gmail.com', '00007');
insert into Customer values ('00075', Mr', 'Reizoircred', 'Morarkzur', '0000000000000075', to_date('SEP-2003', 'MON-YYYY'), '075 United Rd', 'Pittsburgh', 'PA', '1234567075', 'ReizoircredMorarkzur075@gmail.com', '00008');
insert into Customer values ('00076', Mr', 'Crouraker', 'Crozerer', '0000000000000076', to_date('SEP-2001', 'MON-YYYY'), '076 United Rd', 'Pittsburgh', 'PA', '1234567076', 'CrourakerCrozerer076@gmail.com', '00008');
insert into Customer values ('00077', Mrs', 'Cryslamares', 'Raarcd', '0000000000000077', to_date('MAR-2008', 'MON-YYYY'), '077 United Rd', 'Pittsburgh', 'PA', '1234567077', 'CryslamaresRaarcd077@gmail.com', '00008');
insert into Customer values ('00078', Mrs', 'Raredark', 'Drakarkark', '0000000000000078', to_date('DEC-2003', 'MON-YYYY'), '078 United Rd', 'Pittsburgh', 'PA', '1234567078', 'RaredarkDrakarkark078@gmail.com', '00005');
insert into Customer values ('00079', Mrs', 'Crocresd', 'Casalmarcred', '0000000000000079', to_date('FEB-2019', 'MON-YYYY'), '079 United Rd', 'Pittsburgh', 'PA', '1234567079', 'CrocresdCasalmarcred079@gmail.com', '00003');
insert into Customer values ('00080', Mr', 'Crumitron', 'Croaired', '0000000000000080', to_date('MAR-2007', 'MON-YYYY'), '080 United Rd', 'Pittsburgh', 'PA', '1234567080', 'CrumitronCroaired080@gmail.com', '00007');
insert into Customer values ('00081', Mr', 'Mormaracmed', 'Drakmirider', '0000000000000081', to_date('JAN-2013', 'MON-YYYY'), '081 United Rd', 'Pittsburgh', 'PA', '1234567081', 'MormaracmedDrakmirider081@gmail.com', '00004');
insert into Customer values ('00082', Mr', 'Zurmeezur', 'Reimeeark', '0000000000000082', to_date('JAN-2010', 'MON-YYYY'), '082 United Rd', 'Pittsburgh', 'PA', '1234567082', 'ZurmeezurReimeeark082@gmail.com', '00001');
insert into Customer values ('00083', Mrs', 'Krirzur', 'Marmiriarc', '0000000000000083', to_date('JUN-2004', 'MON-YYYY'), '083 United Rd', 'Pittsburgh', 'PA', '1234567083', 'KrirzurMarmiriarc083@gmail.com', '00001');
insert into Customer values ('00084', Mrs', 'Cryzoirarc', 'Mrokmeed', '0000000000000084', to_date('JUL-2007', 'MON-YYYY'), '084 United Rd', 'Pittsburgh', 'PA', '1234567084', 'CryzoirarcMrokmeed084@gmail.com', '00000');
insert into Customer values ('00085', Mrs', 'Madurakure', 'Mrokzoirmed', '0000000000000085', to_date('JAN-2015', 'MON-YYYY'), '085 United Rd', 'Pittsburgh', 'PA', '1234567085', 'MadurakureMrokzoirmed085@gmail.com', '00005');
insert into Customer values ('00086', Mrs', 'Casorder', 'Lukarcmed', '0000000000000086', to_date('APR-2013', 'MON-YYYY'), '086 United Rd', 'Pittsburgh', 'PA', '1234567086', 'CasorderLukarcmed086@gmail.com', '00007');
insert into Customer values ('00087', Mrs', 'Mjolredmed', 'Cacraarc', '0000000000000087', to_date('NOV-2009', 'MON-YYYY'), '087 United Rd', 'Pittsburgh', 'PA', '1234567087', 'MjolredmedCacraarc087@gmail.com', '00005');
insert into Customer values ('00088', Mr', 'Mjolmeezur', 'Zedclozur', '0000000000000088', to_date('OCT-2003', 'MON-YYYY'), '088 United Rd', 'Pittsburgh', 'PA', '1234567088', 'MjolmeezurZedclozur088@gmail.com', '00005');
insert into Customer values ('00089', Mr', 'Zursores', 'Madmirider', '0000000000000089', to_date('JAN-2002', 'MON-YYYY'), '089 United Rd', 'Pittsburgh', 'PA', '1234567089', 'ZursoresMadmirider089@gmail.com', '00002');
insert into Customer values ('00090', Mr', 'Azakurakarc', 'Bremiure', '0000000000000090', to_date('DEC-2010', 'MON-YYYY'), '090 United Rd', 'Pittsburgh', 'PA', '1234567090', 'AzakurakarcBremiure090@gmail.com', '00005');
insert into Customer values ('00091', Mr', 'Jarirure', 'Jarairtron', '0000000000000091', to_date('FEB-2013', 'MON-YYYY'), '091 United Rd', 'Pittsburgh', 'PA', '1234567091', 'JarirureJarairtron091@gmail.com', '00006');
insert into Customer values ('00092', Mrs', 'Crosores', 'Marsortron', '0000000000000092', to_date('APR-2008', 'MON-YYYY'), '092 United Rd', 'Pittsburgh', 'PA', '1234567092', 'CrosoresMarsortron092@gmail.com', '00002');
insert into Customer values ('00093', Mrs', 'Mormirier', 'Cromiritron', '0000000000000093', to_date('MAY-2011', 'MON-YYYY'), '093 United Rd', 'Pittsburgh', 'PA', '1234567093', 'MormirierCromiritron093@gmail.com', '00004');
insert into Customer values ('00094', Mrs', 'Mormaraces', 'Zurzoirarc', '0000000000000094', to_date('DEC-2012', 'MON-YYYY'), '094 United Rd', 'Pittsburgh', 'PA', '1234567094', 'MormaracesZurzoirarc094@gmail.com', '00009');
insert into Customer values ('00095', Mr', 'Zedslamared', 'Reiairarc', '0000000000000095', to_date('OCT-2016', 'MON-YYYY'), '095 United Rd', 'Pittsburgh', 'PA', '1234567095', 'ZedslamaredReiairarc095@gmail.com', '00002');
insert into Customer values ('00096', Mr', 'Lukarces', 'Zedsalmarzur', '0000000000000096', to_date('FEB-2018', 'MON-YYYY'), '096 United Rd', 'Pittsburgh', 'PA', '1234567096', 'LukarcesZedsalmarzur096@gmail.com', '00003');
insert into Customer values ('00097', Mrs', 'Mormaracure', 'Crumier', '0000000000000097', to_date('JAN-2012', 'MON-YYYY'), '097 United Rd', 'Pittsburgh', 'PA', '1234567097', 'MormaracureCrumier097@gmail.com', '00001');
insert into Customer values ('00098', Mrs', 'Morclotron', 'Marcrader', '0000000000000098', to_date('MAR-2005', 'MON-YYYY'), '098 United Rd', 'Pittsburgh', 'PA', '1234567098', 'MorclotronMarcrader098@gmail.com', '00002');
insert into Customer values ('00099', Mr', 'Zedmeecred', 'Bremaracarc', '0000000000000099', to_date('APR-2011', 'MON-YYYY'), '099 United Rd', 'Pittsburgh', 'PA', '1234567099', 'ZedmeecredBremaracarc099@gmail.com', '00003');
insert into Customer values ('00100', Mr', 'Reimitron', 'Krzoirure', '0000000000000100', to_date('APR-2007', 'MON-YYYY'), '100 United Rd', 'Pittsburgh', 'PA', '1234567100', 'ReimitronKrzoirure100@gmail.com', '00008');
insert into Customer values ('00101', Mrs', 'Cryarcmed', 'Cruzoirmur', '0000000000000101', to_date('FEB-2004', 'MON-YYYY'), '101 United Rd', 'Pittsburgh', 'PA', '1234567101', 'CryarcmedCruzoirmur101@gmail.com', '00000');
insert into Customer values ('00102', Mrs', 'Ralorider', 'Ramurark', '0000000000000102', to_date('JAN-2007', 'MON-YYYY'), '102 United Rd', 'Pittsburgh', 'PA', '1234567102', 'RaloriderRamurark102@gmail.com', '00005');
insert into Customer values ('00103', Mrs', 'Azurmures', 'Azakloried', '0000000000000103', to_date('JUN-2001', 'MON-YYYY'), '103 United Rd', 'Pittsburgh', 'PA', '1234567103', 'AzurmuresAzakloried103@gmail.com', '00003');
insert into Customer values ('00104', Mr', 'Marcresed', 'Crocramed', '0000000000000104', to_date('JUN-2004', 'MON-YYYY'), '104 United Rd', 'Pittsburgh', 'PA', '1234567104', 'MarcresedCrocramed104@gmail.com', '00000');
insert into Customer values ('00105', Mr', 'Mercloder', 'Zedcraark', '0000000000000105', to_date('OCT-2009', 'MON-YYYY'), '105 United Rd', 'Pittsburgh', 'PA', '1234567105', 'MercloderZedcraark105@gmail.com', '00002');
insert into Customer values ('00106', Mrs', 'Zedredarc', 'Mjolmurzur', '0000000000000106', to_date('OCT-2009', 'MON-YYYY'), '106 United Rd', 'Pittsburgh', 'PA', '1234567106', 'ZedredarcMjolmurzur106@gmail.com', '00002');
insert into Customer values ('00107', Mrs', 'Mjolirzur', 'Jarirarc', '0000000000000107', to_date('NOV-2004', 'MON-YYYY'), '107 United Rd', 'Pittsburgh', 'PA', '1234567107', 'MjolirzurJarirarc107@gmail.com', '00006');
insert into Customer values ('00108', Mrs', 'Drakarcder', 'Crysalmarcred', '0000000000000108', to_date('DEC-2000', 'MON-YYYY'), '108 United Rd', 'Pittsburgh', 'PA', '1234567108', 'DrakarcderCrysalmarcred108@gmail.com', '00003');
insert into Customer values ('00109', Mr', 'Drakarkarc', 'Cryarczur', '0000000000000109', to_date('OCT-2003', 'MON-YYYY'), '109 United Rd', 'Pittsburgh', 'PA', '1234567109', 'DrakarkarcCryarczur109@gmail.com', '00003');
insert into Customer values ('00110', Mrs', 'Creoslamard', 'Madsormed', '0000000000000110', to_date('DEC-2008', 'MON-YYYY'), '110 United Rd', 'Pittsburgh', 'PA', '1234567110', 'CreoslamardMadsormed110@gmail.com', '00000');
insert into Customer values ('00111', Mr', 'Mjolmeezur', 'Lukclotron', '0000000000000111', to_date('APR-2005', 'MON-YYYY'), '111 United Rd', 'Pittsburgh', 'PA', '1234567111', 'MjolmeezurLukclotron111@gmail.com', '00007');
insert into Customer values ('00112', Mr', 'Morclomed', 'Creomaracure', '0000000000000112', to_date('SEP-2018', 'MON-YYYY'), '112 United Rd', 'Pittsburgh', 'PA', '1234567112', 'MorclomedCreomaracure112@gmail.com', '00001');
insert into Customer values ('00113', Mrs', 'Mrokarcarc', 'Mrokmaracarc', '0000000000000113', to_date('DEC-2010', 'MON-YYYY'), '113 United Rd', 'Pittsburgh', 'PA', '1234567113', 'MrokarcarcMrokmaracarc113@gmail.com', '00000');
insert into Customer values ('00114', Mr', 'Jarcloer', 'Zursorure', '0000000000000114', to_date('SEP-2008', 'MON-YYYY'), '114 United Rd', 'Pittsburgh', 'PA', '1234567114', 'JarcloerZursorure114@gmail.com', '00005');
insert into Customer values ('00115', Mrs', 'Zurmeeder', 'Mrokmied', '0000000000000115', to_date('JUN-2009', 'MON-YYYY'), '115 United Rd', 'Pittsburgh', 'PA', '1234567115', 'ZurmeederMrokmied115@gmail.com', '00004');
insert into Customer values ('00116', Mr', 'Marlories', 'Jagcreses', '0000000000000116', to_date('AUG-2004', 'MON-YYYY'), '116 United Rd', 'Pittsburgh', 'PA', '1234567116', 'MarloriesJagcreses116@gmail.com', '00008');
insert into Customer values ('00117', Mr', 'Cryaircred', 'Madairzur', '0000000000000117', to_date('JAN-2019', 'MON-YYYY'), '117 United Rd', 'Pittsburgh', 'PA', '1234567117', 'CryaircredMadairzur117@gmail.com', '00008');
insert into Customer values ('00118', Mr', 'Camirimed', 'Creomiritron', '0000000000000118', to_date('JUL-2004', 'MON-YYYY'), '118 United Rd', 'Pittsburgh', 'PA', '1234567118', 'CamirimedCreomiritron118@gmail.com', '00001');
insert into Customer values ('00119', Mr', 'Krsorer', 'Krmeeer', '0000000000000119', to_date('JAN-2006', 'MON-YYYY'), '119 United Rd', 'Pittsburgh', 'PA', '1234567119', 'KrsorerKrmeeer119@gmail.com', '00004');
insert into Customer values ('00120', Mrs', 'Morsalmares', 'Cacresed', '0000000000000120', to_date('AUG-2008', 'MON-YYYY'), '120 United Rd', 'Pittsburgh', 'PA', '1234567120', 'MorsalmaresCacresed120@gmail.com', '00005');
insert into Customer values ('00121', Mrs', 'Mjolredark', 'Rayredcred', '0000000000000121', to_date('AUG-2019', 'MON-YYYY'), '121 United Rd', 'Pittsburgh', 'PA', '1234567121', 'MjolredarkRayredcred121@gmail.com', '00002');
insert into Customer values ('00122', Mr', 'Cryurakure', 'Crumures', '0000000000000122', to_date('DEC-2006', 'MON-YYYY'), '122 United Rd', 'Pittsburgh', 'PA', '1234567122', 'CryurakureCrumures122@gmail.com', '00003');
insert into Customer values ('00123', Mrs', 'Morairarc', 'Zedcresd', '0000000000000123', to_date('DEC-2015', 'MON-YYYY'), '123 United Rd', 'Pittsburgh', 'PA', '1234567123', 'MorairarcZedcresd123@gmail.com', '00007');
insert into Customer values ('00124', Mrs', 'Croarcure', 'Zorkmurer', '0000000000000124', to_date('NOV-2012', 'MON-YYYY'), '124 United Rd', 'Pittsburgh', 'PA', '1234567124', 'CroarcureZorkmurer124@gmail.com', '00009');
insert into Customer values ('00125', Mr', 'Mjolmimur', 'Mjolarkarc', '0000000000000125', to_date('JUN-2014', 'MON-YYYY'), '125 United Rd', 'Pittsburgh', 'PA', '1234567125', 'MjolmimurMjolarkarc125@gmail.com', '00000');
insert into Customer values ('00126', Mr', 'Bremurder', 'Zurzoirder', '0000000000000126', to_date('SEP-2008', 'MON-YYYY'), '126 United Rd', 'Pittsburgh', 'PA', '1234567126', 'BremurderZurzoirder126@gmail.com', '00006');
insert into Customer values ('00127', Mr', 'Madredd', 'Lukzoirmed', '0000000000000127', to_date('DEC-2017', 'MON-YYYY'), '127 United Rd', 'Pittsburgh', 'PA', '1234567127', 'MadreddLukzoirmed127@gmail.com', '00009');
insert into Customer values ('00128', Mr', 'Zursalmartron', 'Breirder', '0000000000000128', to_date('FEB-2008', 'MON-YYYY'), '128 United Rd', 'Pittsburgh', 'PA', '1234567128', 'ZursalmartronBreirder128@gmail.com', '00006');
insert into Customer values ('00129', Mrs', 'Racresder', 'Creomaracer', '0000000000000129', to_date('JUN-2002', 'MON-YYYY'), '129 United Rd', 'Pittsburgh', 'PA', '1234567129', 'RacresderCreomaracer129@gmail.com', '00007');
insert into Customer values ('00130', Mr', 'Jagcraer', 'Morslamarder', '0000000000000130', to_date('MAR-2005', 'MON-YYYY'), '130 United Rd', 'Pittsburgh', 'PA', '1234567130', 'JagcraerMorslamarder130@gmail.com', '00008');
insert into Customer values ('00131', Mrs', 'Madmurzur', 'Drakslamarark', '0000000000000131', to_date('APR-2018', 'MON-YYYY'), '131 United Rd', 'Pittsburgh', 'PA', '1234567131', 'MadmurzurDrakslamarark131@gmail.com', '00003');
insert into Customer values ('00132', Mrs', 'Azakclocred', 'Zorkmies', '0000000000000132', to_date('DEC-2003', 'MON-YYYY'), '132 United Rd', 'Pittsburgh', 'PA', '1234567132', 'AzakclocredZorkmies132@gmail.com', '00005');
insert into Customer values ('00133', Mr', 'Brelorid', 'Mrokmiriark', '0000000000000133', to_date('JUL-2012', 'MON-YYYY'), '133 United Rd', 'Pittsburgh', 'PA', '1234567133', 'BreloridMrokmiriark133@gmail.com', '00001');
insert into Customer values ('00134', Mrs', 'Crucloer', 'Mrokmaraces', '0000000000000134', to_date('OCT-2002', 'MON-YYYY'), '134 United Rd', 'Pittsburgh', 'PA', '1234567134', 'CrucloerMrokmaraces134@gmail.com', '00006');
insert into Customer values ('00135', Mrs', 'Mjolmiriarc', 'Cryircred', '0000000000000135', to_date('MAR-2006', 'MON-YYYY'), '135 United Rd', 'Pittsburgh', 'PA', '1234567135', 'MjolmiriarcCryircred135@gmail.com', '00009');
insert into Customer values ('00136', Mrs', 'Jarmeed', 'Mrokreder', '0000000000000136', to_date('AUG-2013', 'MON-YYYY'), '136 United Rd', 'Pittsburgh', 'PA', '1234567136', 'JarmeedMrokreder136@gmail.com', '00009');
insert into Customer values ('00137', Mr', 'Crosorcred', 'Reimaraced', '0000000000000137', to_date('FEB-2000', 'MON-YYYY'), '137 United Rd', 'Pittsburgh', 'PA', '1234567137', 'CrosorcredReimaraced137@gmail.com', '00000');
insert into Customer values ('00138', Mr', 'Zurcrader', 'Meraird', '0000000000000138', to_date('NOV-2001', 'MON-YYYY'), '138 United Rd', 'Pittsburgh', 'PA', '1234567138', 'ZurcraderMeraird138@gmail.com', '00005');
insert into Customer values ('00139', Mrs', 'Zorksalmarmed', 'Merurakder', '0000000000000139', to_date('DEC-2010', 'MON-YYYY'), '139 United Rd', 'Pittsburgh', 'PA', '1234567139', 'ZorksalmarmedMerurakder139@gmail.com', '00004');
insert into Customer values ('00140', Mrs', 'Krurakcred', 'Madmiried', '0000000000000140', to_date('JAN-2006', 'MON-YYYY'), '140 United Rd', 'Pittsburgh', 'PA', '1234567140', 'KrurakcredMadmiried140@gmail.com', '00008');
insert into Customer values ('00141', Mr', 'Mjolsalmarer', 'Azakmeemed', '0000000000000141', to_date('JUN-2014', 'MON-YYYY'), '141 United Rd', 'Pittsburgh', 'PA', '1234567141', 'MjolsalmarerAzakmeemed141@gmail.com', '00002');
insert into Customer values ('00142', Mr', 'Zurarcark', 'Cryzoires', '0000000000000142', to_date('JUN-2012', 'MON-YYYY'), '142 United Rd', 'Pittsburgh', 'PA', '1234567142', 'ZurarcarkCryzoires142@gmail.com', '00008');
insert into Customer values ('00143', Mrs', 'Krmurmur', 'Cromiark', '0000000000000143', to_date('JUL-2006', 'MON-YYYY'), '143 United Rd', 'Pittsburgh', 'PA', '1234567143', 'KrmurmurCromiark143@gmail.com', '00000');
insert into Customer values ('00144', Mr', 'Krairmur', 'Lukloriark', '0000000000000144', to_date('DEC-2010', 'MON-YYYY'), '144 United Rd', 'Pittsburgh', 'PA', '1234567144', 'KrairmurLukloriark144@gmail.com', '00004');
insert into Customer values ('00145', Mr', 'Jarmures', 'Crycraes', '0000000000000145', to_date('MAR-2007', 'MON-YYYY'), '145 United Rd', 'Pittsburgh', 'PA', '1234567145', 'JarmuresCrycraes145@gmail.com', '00001');
insert into Customer values ('00146', Mrs', 'Brearked', 'Krarkcred', '0000000000000146', to_date('JUL-2013', 'MON-YYYY'), '146 United Rd', 'Pittsburgh', 'PA', '1234567146', 'BrearkedKrarkcred146@gmail.com', '00009');
insert into Customer values ('00147', Mr', 'Azaksorder', 'Crumier', '0000000000000147', to_date('NOV-2009', 'MON-YYYY'), '147 United Rd', 'Pittsburgh', 'PA', '1234567147', 'AzaksorderCrumier147@gmail.com', '00002');
insert into Customer values ('00148', Mrs', 'Camiriure', 'Mrokcresed', '0000000000000148', to_date('DEC-2011', 'MON-YYYY'), '148 United Rd', 'Pittsburgh', 'PA', '1234567148', 'CamiriureMrokcresed148@gmail.com', '00004');
insert into Customer values ('00149', Mrs', 'Zururakmur', 'Racracred', '0000000000000149', to_date('FEB-2004', 'MON-YYYY'), '149 United Rd', 'Pittsburgh', 'PA', '1234567149', 'ZururakmurRacracred149@gmail.com', '00004');
insert into Customer values ('00150', Mr', 'Zorksored', 'Raairure', '0000000000000150', to_date('JUL-2004', 'MON-YYYY'), '150 United Rd', 'Pittsburgh', 'PA', '1234567150', 'ZorksoredRaairure150@gmail.com', '00005');
insert into Customer values ('00151', Mrs', 'Caarces', 'Krsalmarzur', '0000000000000151', to_date('OCT-2009', 'MON-YYYY'), '151 United Rd', 'Pittsburgh', 'PA', '1234567151', 'CaarcesKrsalmarzur151@gmail.com', '00001');
insert into Customer values ('00152', Mrs', 'Azakarcmur', 'Reizered', '0000000000000152', to_date('AUG-2000', 'MON-YYYY'), '152 United Rd', 'Pittsburgh', 'PA', '1234567152', 'AzakarcmurReizered152@gmail.com', '00008');
insert into Customer values ('00153', Mrs', 'Calories', 'Mjolmurer', '0000000000000153', to_date('JUN-2016', 'MON-YYYY'), '153 United Rd', 'Pittsburgh', 'PA', '1234567153', 'CaloriesMjolmurer153@gmail.com', '00000');
insert into Customer values ('00154', Mr', 'Zedslamarark', 'Jagsalmarzur', '0000000000000154', to_date('AUG-2009', 'MON-YYYY'), '154 United Rd', 'Pittsburgh', 'PA', '1234567154', 'ZedslamararkJagsalmarzur154@gmail.com', '00006');
insert into Customer values ('00155', Mrs', 'Cromeeed', 'Mrokclozur', '0000000000000155', to_date('JUN-2014', 'MON-YYYY'), '155 United Rd', 'Pittsburgh', 'PA', '1234567155', 'CromeeedMrokclozur155@gmail.com', '00002');
insert into Customer values ('00156', Mr', 'Jarlorimed', 'Cauraker', '0000000000000156', to_date('APR-2010', 'MON-YYYY'), '156 United Rd', 'Pittsburgh', 'PA', '1234567156', 'JarlorimedCauraker156@gmail.com', '00001');
insert into Customer values ('00157', Mrs', 'Jagarcer', 'Zurmeeder', '0000000000000157', to_date('AUG-2010', 'MON-YYYY'), '157 United Rd', 'Pittsburgh', 'PA', '1234567157', 'JagarcerZurmeeder157@gmail.com', '00001');
insert into Customer values ('00158', Mr', 'Madarkder', 'Lukmiriark', '0000000000000158', to_date('MAR-2005', 'MON-YYYY'), '158 United Rd', 'Pittsburgh', 'PA', '1234567158', 'MadarkderLukmiriark158@gmail.com', '00004');
insert into Customer values ('00159', Mrs', 'Zurcrazur', 'Breredure', '0000000000000159', to_date('MAY-2003', 'MON-YYYY'), '159 United Rd', 'Pittsburgh', 'PA', '1234567159', 'ZurcrazurBreredure159@gmail.com', '00007');
insert into Customer values ('00160', Mrs', 'Zorksorark', 'Crycreses', '0000000000000160', to_date('SEP-2015', 'MON-YYYY'), '160 United Rd', 'Pittsburgh', 'PA', '1234567160', 'ZorksorarkCrycreses160@gmail.com', '00003');
insert into Customer values ('00161', Mr', 'Azurcresark', 'Zurlorider', '0000000000000161', to_date('NOV-2006', 'MON-YYYY'), '161 United Rd', 'Pittsburgh', 'PA', '1234567161', 'AzurcresarkZurlorider161@gmail.com', '00007');
insert into Customer values ('00162', Mr', 'Madsalmararc', 'Lukirzur', '0000000000000162', to_date('MAR-2005', 'MON-YYYY'), '162 United Rd', 'Pittsburgh', 'PA', '1234567162', 'MadsalmararcLukirzur162@gmail.com', '00004');
insert into Customer values ('00163', Mrs', 'Azurlorimur', 'Jararkmed', '0000000000000163', to_date('APR-2008', 'MON-YYYY'), '163 United Rd', 'Pittsburgh', 'PA', '1234567163', 'AzurlorimurJararkmed163@gmail.com', '00007');
insert into Customer values ('00164', Mr', 'Mjolmaracer', 'Azakzoirure', '0000000000000164', to_date('DEC-2003', 'MON-YYYY'), '164 United Rd', 'Pittsburgh', 'PA', '1234567164', 'MjolmaracerAzakzoirure164@gmail.com', '00008');
insert into Customer values ('00165', Mr', 'Krurakcred', 'Drakmies', '0000000000000165', to_date('NOV-2003', 'MON-YYYY'), '165 United Rd', 'Pittsburgh', 'PA', '1234567165', 'KrurakcredDrakmies165@gmail.com', '00004');
insert into Customer values ('00166', Mrs', 'Crozoirark', 'Marmiritron', '0000000000000166', to_date('JUN-2014', 'MON-YYYY'), '166 United Rd', 'Pittsburgh', 'PA', '1234567166', 'CrozoirarkMarmiritron166@gmail.com', '00004');
insert into Customer values ('00167', Mr', 'Zurarkzur', 'Madmaracure', '0000000000000167', to_date('JUN-2013', 'MON-YYYY'), '167 United Rd', 'Pittsburgh', 'PA', '1234567167', 'ZurarkzurMadmaracure167@gmail.com', '00003');
insert into Customer values ('00168', Mrs', 'Raymures', 'Zorkaircred', '0000000000000168', to_date('AUG-2016', 'MON-YYYY'), '168 United Rd', 'Pittsburgh', 'PA', '1234567168', 'RaymuresZorkaircred168@gmail.com', '00006');
insert into Customer values ('00169', Mr', 'Racraer', 'Drakmizur', '0000000000000169', to_date('MAY-2002', 'MON-YYYY'), '169 United Rd', 'Pittsburgh', 'PA', '1234567169', 'RacraerDrakmizur169@gmail.com', '00005');
insert into Customer values ('00170', Mr', 'Jagredtron', 'Reimeecred', '0000000000000170', to_date('NOV-2019', 'MON-YYYY'), '170 United Rd', 'Pittsburgh', 'PA', '1234567170', 'JagredtronReimeecred170@gmail.com', '00009');
insert into Customer values ('00171', Mr', 'Morarkd', 'Azurredmur', '0000000000000171', to_date('MAR-2000', 'MON-YYYY'), '171 United Rd', 'Pittsburgh', 'PA', '1234567171', 'MorarkdAzurredmur171@gmail.com', '00009');
insert into Customer values ('00172', Mr', 'Azurmeemur', 'Reizerer', '0000000000000172', to_date('OCT-2015', 'MON-YYYY'), '172 United Rd', 'Pittsburgh', 'PA', '1234567172', 'AzurmeemurReizerer172@gmail.com', '00002');
insert into Customer values ('00173', Mrs', 'Casalmartron', 'Mjolreder', '0000000000000173', to_date('APR-2009', 'MON-YYYY'), '173 United Rd', 'Pittsburgh', 'PA', '1234567173', 'CasalmartronMjolreder173@gmail.com', '00002');
insert into Customer values ('00174', Mrs', 'Brecraark', 'Mormaraczur', '0000000000000174', to_date('JAN-2012', 'MON-YYYY'), '174 United Rd', 'Pittsburgh', 'PA', '1234567174', 'BrecraarkMormaraczur174@gmail.com', '00009');
insert into Customer values ('00175', Mr', 'Krzered', 'Krmaraced', '0000000000000175', to_date('APR-2016', 'MON-YYYY'), '175 United Rd', 'Pittsburgh', 'PA', '1234567175', 'KrzeredKrmaraced175@gmail.com', '00009');
insert into Customer values ('00176', Mr', 'Merredes', 'Krzered', '0000000000000176', to_date('NOV-2018', 'MON-YYYY'), '176 United Rd', 'Pittsburgh', 'PA', '1234567176', 'MerredesKrzered176@gmail.com', '00001');
insert into Customer values ('00177', Mrs', 'Azakcreszur', 'Crusorure', '0000000000000177', to_date('JUL-2005', 'MON-YYYY'), '177 United Rd', 'Pittsburgh', 'PA', '1234567177', 'AzakcreszurCrusorure177@gmail.com', '00004');
insert into Customer values ('00178', Mr', 'Breircred', 'Racraed', '0000000000000178', to_date('MAY-2006', 'MON-YYYY'), '178 United Rd', 'Pittsburgh', 'PA', '1234567178', 'BreircredRacraed178@gmail.com', '00001');
insert into Customer values ('00179', Mrs', 'Azakcresure', 'Creocreser', '0000000000000179', to_date('DEC-2017', 'MON-YYYY'), '179 United Rd', 'Pittsburgh', 'PA', '1234567179', 'AzakcresureCreocreser179@gmail.com', '00003');
insert into Customer values ('00180', Mr', 'Drakarces', 'Marcrescred', '0000000000000180', to_date('MAR-2002', 'MON-YYYY'), '180 United Rd', 'Pittsburgh', 'PA', '1234567180', 'DrakarcesMarcrescred180@gmail.com', '00003');
insert into Customer values ('00181', Mr', 'Merarces', 'Mermurtron', '0000000000000181', to_date('DEC-2010', 'MON-YYYY'), '181 United Rd', 'Pittsburgh', 'PA', '1234567181', 'MerarcesMermurtron181@gmail.com', '00001');
insert into Customer values ('00182', Mr', 'Azakirmur', 'Crucloer', '0000000000000182', to_date('MAR-2001', 'MON-YYYY'), '182 United Rd', 'Pittsburgh', 'PA', '1234567182', 'AzakirmurCrucloer182@gmail.com', '00008');
insert into Customer values ('00183', Mr', 'Jaraired', 'Drakslamarure', '0000000000000183', to_date('JUL-2005', 'MON-YYYY'), '183 United Rd', 'Pittsburgh', 'PA', '1234567183', 'JarairedDrakslamarure183@gmail.com', '00002');
insert into Customer values ('00184', Mrs', 'Draklorid', 'Rayzoirmur', '0000000000000184', to_date('JAN-2016', 'MON-YYYY'), '184 United Rd', 'Pittsburgh', 'PA', '1234567184', 'DrakloridRayzoirmur184@gmail.com', '00009');
insert into Customer values ('00185', Mrs', 'Zeduraker', 'Raycresd', '0000000000000185', to_date('JAN-2008', 'MON-YYYY'), '185 United Rd', 'Pittsburgh', 'PA', '1234567185', 'ZedurakerRaycresd185@gmail.com', '00007');
insert into Customer values ('00186', Mrs', 'Merarcark', 'Jagmiure', '0000000000000186', to_date('APR-2014', 'MON-YYYY'), '186 United Rd', 'Pittsburgh', 'PA', '1234567186', 'MerarcarkJagmiure186@gmail.com', '00006');
insert into Customer values ('00187', Mrs', 'Crycresed', 'Crysorure', '0000000000000187', to_date('JUN-2002', 'MON-YYYY'), '187 United Rd', 'Pittsburgh', 'PA', '1234567187', 'CrycresedCrysorure187@gmail.com', '00005');
insert into Customer values ('00188', Mrs', 'Drakcresure', 'Zedird', '0000000000000188', to_date('DEC-2002', 'MON-YYYY'), '188 United Rd', 'Pittsburgh', 'PA', '1234567188', 'DrakcresureZedird188@gmail.com', '00000');
insert into Customer values ('00189', Mr', 'Cruzermed', 'Cromeemur', '0000000000000189', to_date('MAY-2017', 'MON-YYYY'), '189 United Rd', 'Pittsburgh', 'PA', '1234567189', 'CruzermedCromeemur189@gmail.com', '00007');
insert into Customer values ('00190', Mrs', 'Azurmeecred', 'Raredes', '0000000000000190', to_date('FEB-2005', 'MON-YYYY'), '190 United Rd', 'Pittsburgh', 'PA', '1234567190', 'AzurmeecredRaredes190@gmail.com', '00003');
insert into Customer values ('00191', Mr', 'Caarker', 'Madcrescred', '0000000000000191', to_date('MAR-2015', 'MON-YYYY'), '191 United Rd', 'Pittsburgh', 'PA', '1234567191', 'CaarkerMadcrescred191@gmail.com', '00000');
insert into Customer values ('00192', Mrs', 'Jarlorid', 'Crucresed', '0000000000000192', to_date('MAR-2001', 'MON-YYYY'), '192 United Rd', 'Pittsburgh', 'PA', '1234567192', 'JarloridCrucresed192@gmail.com', '00000');
insert into Customer values ('00193', Mrs', 'Cromiries', 'Cruzercred', '0000000000000193', to_date('MAR-2015', 'MON-YYYY'), '193 United Rd', 'Pittsburgh', 'PA', '1234567193', 'CromiriesCruzercred193@gmail.com', '00001');
insert into Customer values ('00194', Mr', 'Zururaked', 'Jagsortron', '0000000000000194', to_date('AUG-2014', 'MON-YYYY'), '194 United Rd', 'Pittsburgh', 'PA', '1234567194', 'ZururakedJagsortron194@gmail.com', '00007');
insert into Customer values ('00195', Mrs', 'Zedcloure', 'Mararkes', '0000000000000195', to_date('DEC-2010', 'MON-YYYY'), '195 United Rd', 'Pittsburgh', 'PA', '1234567195', 'ZedcloureMararkes195@gmail.com', '00005');
insert into Customer values ('00196', Mr', 'Creoredd', 'Zorkloriarc', '0000000000000196', to_date('JAN-2014', 'MON-YYYY'), '196 United Rd', 'Pittsburgh', 'PA', '1234567196', 'CreoreddZorkloriarc196@gmail.com', '00006');
insert into Customer values ('00197', Mr', 'Cromiricred', 'Azakmimed', '0000000000000197', to_date('JUL-2014', 'MON-YYYY'), '197 United Rd', 'Pittsburgh', 'PA', '1234567197', 'CromiricredAzakmimed197@gmail.com', '00004');
insert into Customer values ('00198', Mrs', 'Raird', 'Azurairmed', '0000000000000198', to_date('JAN-2018', 'MON-YYYY'), '198 United Rd', 'Pittsburgh', 'PA', '1234567198', 'RairdAzurairmed198@gmail.com', '00000');
insert into Customer values ('00199', Mr', 'Cromaraces', 'Bresalmard', '0000000000000199', to_date('AUG-2002', 'MON-YYYY'), '199 United Rd', 'Pittsburgh', 'PA', '1234567199', 'CromaracesBresalmard199@gmail.com', '00002');




insert into Airline values ('00000', 'Alaska Airlines', 'AKA', 1932);
insert into Airline values ('00001', 'United Airlines', 'UAL', 1931);
insert into Airline values ('00002', 'All Nippon Airways', 'ANA', 1952);
insert into Airline values ('00003', 'Delta Air Lines', 'DAL', 1924);
insert into Airline values ('00004', 'Jet Blue', 'JBA', 1998);
insert into Airline values ('00005', 'American Airlines', 'AAL', 1930);
insert into Airline values ('00006', 'Frontier Airlines', 'FAL', 1994);
insert into Airline values ('00007', 'Southwest Airlines', 'SWA', 1967);
insert into Airline values ('00008', 'Virgin Airlines', 'VAL', 1984);
insert into Airline values ('00009', 'Spirit Airlines', 'SAL', 1980);

insert into Plane values('A310', 'Airbus Group', 210, to_date('9/7/2001', 'MM/DD/YYYY'), 1991, '00001');
insert into Plane values('B747', 'Boeing', 400, to_date('1/12/2001', 'MM/DD/YYYY'), 1991, '00001');
insert into Plane values('A390', 'Airbus Group', 350, to_date('10/2/2009', 'MM/DD/YYYY'), 1999, '00009');
insert into Plane values('B747', 'Boeing', 400, to_date('2/12/2006', 'MM/DD/YYYY'), 1996, '00006');
insert into Plane values('B200', 'Airbus Group', 300, to_date('5/11/2008', 'MM/DD/YYYY'), 1998, '00008');
insert into Plane values('A480', 'Airbus Group', 440, to_date('11/11/2002', 'MM/DD/YYYY'), 1992, '00002');
insert into Plane values('B787', 'Boeing', 500, to_date('5/8/2000', 'MM/DD/YYYY'), 1990, '00000');
insert into Plane values('A480', 'Airbus Group', 440, to_date('4/11/2008', 'MM/DD/YYYY'), 1998, '00008');
insert into Plane values('A420', 'Airbus Group', 380, to_date('8/9/2008', 'MM/DD/YYYY'), 1998, '00008');
insert into Plane values('E380', 'United Technologies', 470, to_date('4/8/2009', 'MM/DD/YYYY'), 1999, '00009');
insert into Plane values('A300', 'Airbus Group', 210, to_date('4/7/2001', 'MM/DD/YYYY'), 1991, '00001');
insert into Plane values('E145', 'United Technologies', 50, to_date('7/6/2006', 'MM/DD/YYYY'), 1996, '00006');
insert into Plane values('E145', 'United Technologies', 50, to_date('7/10/2005', 'MM/DD/YYYY'), 1995, '00005');
insert into Plane values('A390', 'Airbus Group', 350, to_date('6/5/2003', 'MM/DD/YYYY'), 1993, '00003');
insert into Plane values('A340', 'Airbus Group', 240, to_date('3/10/2007', 'MM/DD/YYYY'), 1997, '00007');
insert into Plane values('A480', 'Airbus Group', 440, to_date('11/1/2001', 'MM/DD/YYYY'), 1991, '00001');
insert into Plane values('B737', 'Boeing', 125, to_date('1/8/2006', 'MM/DD/YYYY'), 1996, '00006');
insert into Plane values('A330', 'Airbus Group', 250, to_date('1/9/2000', 'MM/DD/YYYY'), 1990, '00000');
insert into Plane values('A430', 'Airbus Group', 390, to_date('7/8/2007', 'MM/DD/YYYY'), 1997, '00007');
insert into Plane values('B737', 'Boeing', 125, to_date('2/1/2005', 'MM/DD/YYYY'), 1995, '00005');
insert into Plane values('A350', 'Airbus Group', 310, to_date('1/9/2007', 'MM/DD/YYYY'), 1997, '00007');
insert into Plane values('A370', 'Airbus Group', 330, to_date('4/8/2000', 'MM/DD/YYYY'), 1990, '00000');
insert into Plane values('A340', 'Airbus Group', 240, to_date('4/6/2009', 'MM/DD/YYYY'), 1999, '00009');
insert into Plane values('A500', 'Airbus Group', 460, to_date('3/9/2000', 'MM/DD/YYYY'), 1990, '00000');
insert into Plane values('A460', 'Airbus Group', 420, to_date('5/11/2000', 'MM/DD/YYYY'), 1990, '00000');
insert into Plane values('B777', 'Boeing', 250, to_date('1/9/2006', 'MM/DD/YYYY'), 1996, '00006');
insert into Plane values('A350', 'Airbus Group', 310, to_date('3/2/2008', 'MM/DD/YYYY'), 1998, '00008');
insert into Plane values('A440', 'Airbus Group', 400, to_date('9/1/2002', 'MM/DD/YYYY'), 1992, '00002');
insert into Plane values('E380', 'United Technologies', 470, to_date('12/7/2005', 'MM/DD/YYYY'), 1995, '00005');
insert into Plane values('A410', 'Airbus Group', 370, to_date('6/8/2002', 'MM/DD/YYYY'), 1992, '00002');
insert into Plane values('B737', 'Boeing', 125, to_date('11/12/2009', 'MM/DD/YYYY'), 1999, '00009');
insert into Plane values('A370', 'Airbus Group', 330, to_date('10/12/2003', 'MM/DD/YYYY'), 1993, '00003');
insert into Plane values('A440', 'Airbus Group', 400, to_date('5/4/2005', 'MM/DD/YYYY'), 1995, '00005');
insert into Plane values('A400', 'Airbus Group', 360, to_date('12/1/2000', 'MM/DD/YYYY'), 1990, '00000');
insert into Plane values('B737', 'Boeing', 125, to_date('12/8/2007', 'MM/DD/YYYY'), 1997, '00007');
insert into Plane values('A350', 'Airbus Group', 310, to_date('1/4/2003', 'MM/DD/YYYY'), 1993, '00003');
insert into Plane values('A310', 'Airbus Group', 210, to_date('3/8/2002', 'MM/DD/YYYY'), 1992, '00002');
insert into Plane values('A340', 'Airbus Group', 240, to_date('3/2/2004', 'MM/DD/YYYY'), 1994, '00004');
insert into Plane values('B737', 'Boeing', 125, to_date('11/12/2008', 'MM/DD/YYYY'), 1998, '00008');
insert into Plane values('A330', 'Airbus Group', 250, to_date('1/4/2003', 'MM/DD/YYYY'), 1993, '00003');
insert into Plane values('A300', 'Airbus Group', 210, to_date('10/2/2009', 'MM/DD/YYYY'), 1999, '00009');
insert into Plane values('A430', 'Airbus Group', 390, to_date('1/9/2004', 'MM/DD/YYYY'), 1994, '00004');
insert into Plane values('A400', 'Airbus Group', 360, to_date('3/8/2000', 'MM/DD/YYYY'), 1990, '00000');
insert into Plane values('A470', 'Airbus Group', 430, to_date('12/1/2008', 'MM/DD/YYYY'), 1998, '00008');
insert into Plane values('E380', 'United Technologies', 470, to_date('3/12/2001', 'MM/DD/YYYY'), 1991, '00001');
insert into Plane values('B787', 'Boeing', 500, to_date('1/10/2000', 'MM/DD/YYYY'), 1990, '00000');
insert into Plane values('A400', 'Airbus Group', 360, to_date('11/6/2008', 'MM/DD/YYYY'), 1998, '00008');
insert into Plane values('A320', 'Airbus Group', 155, to_date('3/2/2003', 'MM/DD/YYYY'), 1993, '00003');
insert into Plane values('A480', 'Airbus Group', 440, to_date('6/6/2009', 'MM/DD/YYYY'), 1999, '00009');
insert into Plane values('B300', 'Boeing', 250, to_date('12/8/2001', 'MM/DD/YYYY'), 1991, '00001');
insert into Plane values('A400', 'Airbus Group', 360, to_date('12/1/2009', 'MM/DD/YYYY'), 1999, '00009');
insert into Plane values('B737', 'Boeing', 125, to_date('12/5/2007', 'MM/DD/YYYY'), 1997, '00007');
insert into Plane values('A400', 'Airbus Group', 360, to_date('12/11/2006', 'MM/DD/YYYY'), 1996, '00006');
insert into Plane values('A490', 'Airbus Group', 450, to_date('8/5/2005', 'MM/DD/YYYY'), 1995, '00005');
insert into Plane values('E145', 'United Technologies', 50, to_date('10/3/2006', 'MM/DD/YYYY'), 1996, '00006');
insert into Plane values('B747', 'Boeing', 400, to_date('5/2/2003', 'MM/DD/YYYY'), 1993, '00003');
insert into Plane values('A420', 'Airbus Group', 380, to_date('6/11/2009', 'MM/DD/YYYY'), 1999, '00009');
insert into Plane values('A430', 'Airbus Group', 390, to_date('2/1/2001', 'MM/DD/YYYY'), 1991, '00001');
insert into Plane values('A310', 'Airbus Group', 210, to_date('6/10/2006', 'MM/DD/YYYY'), 1996, '00006');
insert into Plane values('A460', 'Airbus Group', 420, to_date('7/9/2008', 'MM/DD/YYYY'), 1998, '00008');
insert into Plane values('A360', 'Airbus Group', 320, to_date('8/11/2009', 'MM/DD/YYYY'), 1999, '00009');
insert into Plane values('A380', 'Airbus Group', 340, to_date('9/12/2008', 'MM/DD/YYYY'), 1998, '00008');
insert into Plane values('B200', 'Airbus Group', 300, to_date('11/9/2009', 'MM/DD/YYYY'), 1999, '00009');
insert into Plane values('A480', 'Airbus Group', 440, to_date('6/8/2002', 'MM/DD/YYYY'), 1992, '00002');
insert into Plane values('B747', 'Boeing', 400, to_date('1/10/2002', 'MM/DD/YYYY'), 1992, '00002');
insert into Plane values('A490', 'Airbus Group', 450, to_date('5/9/2006', 'MM/DD/YYYY'), 1996, '00006');
insert into Plane values('A330', 'Airbus Group', 250, to_date('12/10/2000', 'MM/DD/YYYY'), 1990, '00000');
insert into Plane values('B747', 'Boeing', 400, to_date('9/5/2002', 'MM/DD/YYYY'), 1992, '00002');
insert into Plane values('A390', 'Airbus Group', 350, to_date('4/11/2009', 'MM/DD/YYYY'), 1999, '00009');
insert into Plane values('A500', 'Airbus Group', 460, to_date('2/1/2000', 'MM/DD/YYYY'), 1990, '00000');
insert into Plane values('A460', 'Airbus Group', 420, to_date('6/3/2003', 'MM/DD/YYYY'), 1993, '00003');
insert into Plane values('A380', 'Airbus Group', 340, to_date('7/7/2001', 'MM/DD/YYYY'), 1991, '00001');
insert into Plane values('A440', 'Airbus Group', 400, to_date('1/9/2002', 'MM/DD/YYYY'), 1992, '00002');
insert into Plane values('A420', 'Airbus Group', 380, to_date('11/1/2009', 'MM/DD/YYYY'), 1999, '00009');
insert into Plane values('A440', 'Airbus Group', 400, to_date('1/9/2007', 'MM/DD/YYYY'), 1997, '00007');
insert into Plane values('B767', 'Boeing', 200, to_date('2/9/2006', 'MM/DD/YYYY'), 1996, '00006');
insert into Plane values('A390', 'Airbus Group', 350, to_date('9/2/2008', 'MM/DD/YYYY'), 1998, '00008');
insert into Plane values('B767', 'Boeing', 200, to_date('10/3/2008', 'MM/DD/YYYY'), 1998, '00008');
insert into Plane values('B777', 'Boeing', 250, to_date('2/5/2008', 'MM/DD/YYYY'), 1998, '00008');
insert into Plane values('A330', 'Airbus Group', 250, to_date('2/8/2005', 'MM/DD/YYYY'), 1995, '00005');
insert into Plane values('A300', 'Airbus Group', 210, to_date('7/1/2000', 'MM/DD/YYYY'), 1990, '00000');
insert into Plane values('A440', 'Airbus Group', 400, to_date('8/11/2006', 'MM/DD/YYYY'), 1996, '00006');
insert into Plane values('B787', 'Boeing', 500, to_date('6/8/2009', 'MM/DD/YYYY'), 1999, '00009');
insert into Plane values('A340', 'Airbus Group', 240, to_date('6/2/2000', 'MM/DD/YYYY'), 1990, '00000');
insert into Plane values('A490', 'Airbus Group', 450, to_date('1/6/2006', 'MM/DD/YYYY'), 1996, '00006');
insert into Plane values('A370', 'Airbus Group', 330, to_date('5/11/2007', 'MM/DD/YYYY'), 1997, '00007');
insert into Plane values('A310', 'Airbus Group', 210, to_date('8/8/2009', 'MM/DD/YYYY'), 1999, '00009');
insert into Plane values('A310', 'Airbus Group', 210, to_date('1/3/2003', 'MM/DD/YYYY'), 1993, '00003');
insert into Plane values('A410', 'Airbus Group', 370, to_date('2/2/2008', 'MM/DD/YYYY'), 1998, '00008');
insert into Plane values('A410', 'Airbus Group', 370, to_date('12/2/2009', 'MM/DD/YYYY'), 1999, '00009');
insert into Plane values('A490', 'Airbus Group', 450, to_date('5/1/2007', 'MM/DD/YYYY'), 1997, '00007');
insert into Plane values('A340', 'Airbus Group', 240, to_date('8/2/2005', 'MM/DD/YYYY'), 1995, '00005');
insert into Plane values('A490', 'Airbus Group', 450, to_date('2/2/2006', 'MM/DD/YYYY'), 1996, '00006');
insert into Plane values('B300', 'Boeing', 250, to_date('3/10/2001', 'MM/DD/YYYY'), 1991, '00001');
insert into Plane values('A490', 'Airbus Group', 450, to_date('9/10/2008', 'MM/DD/YYYY'), 1998, '00008');
insert into Plane values('E145', 'United Technologies', 50, to_date('8/2/2002', 'MM/DD/YYYY'), 1992, '00002');
insert into Plane values('E380', 'United Technologies', 470, to_date('1/8/2009', 'MM/DD/YYYY'), 1999, '00009');
insert into Plane values('A450', 'Airbus Group', 410, to_date('4/7/2002', 'MM/DD/YYYY'), 1992, '00002');
insert into Plane values('B787', 'Boeing', 500, to_date('11/5/2003', 'MM/DD/YYYY'), 1993, '00003');
insert into Plane values('A460', 'Airbus Group', 420, to_date('7/7/2004', 'MM/DD/YYYY'), 1994, '00004');

insert into Flight values ('000', '00001', 'A310', 'LAX', 'PHI', '0400', '1200', 'SMTWTFS');
insert into Flight values ('001', '00001', 'B747', 'LAX', 'LON', '0500', '1900', '-MTWTF-');
insert into Flight values ('002', '00009', 'A390', 'AUS', 'PAR', '0600', '1400', '-MTWTF-');
insert into Flight values ('003', '00006', 'B747', 'JFK', 'PIT', '0300', '2000', 'SMTWTFS');
insert into Flight values ('004', '00008', 'B200', 'HAW', 'AUS', '0900', '2200', 'SMTWTFS');
insert into Flight values ('005', '00002', 'A480', 'PIT', 'LAX', '0000', '0500', 'SMTWTFS');
insert into Flight values ('006', '00000', 'B787', 'SEA', 'LAX', '0000', '1500', 'SMTWTFS');
insert into Flight values ('007', '00008', 'A480', 'AUS', 'BOS', '1000', '0300', '-M-W-F-');
insert into Flight values ('008', '00008', 'A420', 'LON', 'BOS', '1000', '1600', '-M-W-F-');
insert into Flight values ('009', '00009', 'E380', 'PHI', 'JFK', '0100', '0200', '-M-W-F-');
insert into Flight values ('010', '00001', 'A300', 'BOS', 'PAR', '0600', '0000', 'S-----S');
insert into Flight values ('011', '00006', 'E145', 'BOS', 'HAW', '0700', '2300', '-MTWTF-');
insert into Flight values ('012', '00005', 'E145', 'JFK', 'LAX', '0000', '1500', '-M-W-F-');
insert into Flight values ('013', '00003', 'A390', 'LAX', 'BOS', '1000', '0900', 'SMTWTFS');
insert into Flight values ('014', '00007', 'A340', 'LON', 'JFK', '0100', '1700', '-M-W-F-');
insert into Flight values ('015', '00001', 'A480', 'LON', 'SEA', '0200', '0200', 'SMTWTFS');
insert into Flight values ('016', '00006', 'B737', 'PAR', 'PIT', '0300', '0900', '-M-W-F-');
insert into Flight values ('017', '00000', 'A330', 'BOS', 'SEA', '0200', '2000', 'S-----S');
insert into Flight values ('018', '00007', 'A430', 'PAR', 'LAX', '0000', '1900', 'SMTWTFS');
insert into Flight values ('019', '00005', 'B737', 'AUS', 'JFK', '0100', '1700', '-MTWTF-');
insert into Flight values ('020', '00007', 'A350', 'PAR', 'MIA', '0800', '0100', 'SMTWTFS');
insert into Flight values ('021', '00000', 'A370', 'MIA', 'HAW', '0700', '2100', 'SMTWTFS');
insert into Flight values ('022', '00009', 'A340', 'MIA', 'LAX', '0000', '0800', '-M-W-F-');
insert into Flight values ('023', '00000', 'A500', 'SEA', 'PHI', '0400', '0300', '-M-W-F-');
insert into Flight values ('024', '00000', 'A460', 'PHI', 'LON', '0500', '1000', 'SMTWTFS');
insert into Flight values ('025', '00006', 'B777', 'JFK', 'LON', '0500', '1400', '-MTWTF-');
insert into Flight values ('026', '00008', 'A350', 'LAX', 'BOS', '1000', '2200', 'SMTWTFS');
insert into Flight values ('027', '00002', 'A440', 'LON', 'PAR', '0600', '1500', 'S-----S');
insert into Flight values ('028', '00005', 'E380', 'PHI', 'PIT', '0300', '1500', 'S-----S');
insert into Flight values ('029', '00002', 'A410', 'PHI', 'LAX', '0000', '0400', 'S-----S');
insert into Flight values ('030', '00009', 'B737', 'PHI', 'LON', '0500', '0200', 'SMTWTFS');
insert into Flight values ('031', '00003', 'A370', 'LAX', 'JFK', '0100', '0000', '-MTWTF-');
insert into Flight values ('032', '00005', 'A440', 'BOS', 'PHI', '0400', '0600', '-M-W-F-');
insert into Flight values ('033', '00000', 'A400', 'LAX', 'AUS', '0900', '1800', 'SMTWTFS');
insert into Flight values ('034', '00007', 'B737', 'PHI', 'JFK', '0100', '2100', 'SMTWTFS');
insert into Flight values ('035', '00003', 'A350', 'BOS', 'SCN', '1100', '0600', '-M-W-F-');
insert into Flight values ('036', '00002', 'A310', 'PHI', 'AUS', '0900', '0900', '-M-W-F-');
insert into Flight values ('037', '00004', 'A340', 'AUS', 'PAR', '0600', '1300', '-M-W-F-');
insert into Flight values ('038', '00008', 'B737', 'PIT', 'MIA', '0800', '1400', '-M-W-F-');
insert into Flight values ('039', '00003', 'A330', 'SEA', 'MIA', '0800', '1300', '-MTWTF-');
insert into Flight values ('040', '00009', 'A300', 'PAR', 'HAW', '0700', '0700', 'SMTWTFS');
insert into Flight values ('041', '00004', 'A430', 'PHI', 'BOS', '1000', '2200', 'SMTWTFS');
insert into Flight values ('042', '00000', 'A400', 'PHI', 'LON', '0500', '0400', 'SMTWTFS');
insert into Flight values ('043', '00008', 'A470', 'HAW', 'LON', '0500', '0900', 'S-----S');
insert into Flight values ('044', '00001', 'E380', 'JFK', 'HAW', '0700', '1400', 'SMTWTFS');
insert into Flight values ('045', '00000', 'B787', 'PAR', 'AUS', '0900', '2200', '-MTWTF-');
insert into Flight values ('046', '00008', 'A400', 'LON', 'AUS', '0900', '1000', '-MTWTF-');
insert into Flight values ('047', '00003', 'A320', 'SEA', 'LAX', '0000', '0800', 'S-----S');
insert into Flight values ('048', '00009', 'A480', 'AUS', 'LON', '0500', '0900', 'SMTWTFS');
insert into Flight values ('049', '00001', 'B300', 'PIT', 'MIA', '0800', '0500', '-MTWTF-');
insert into Flight values ('050', '00009', 'A400', 'AUS', 'BOS', '1000', '2100', 'S-----S');
insert into Flight values ('051', '00007', 'B737', 'BOS', 'PAR', '0600', '1800', '-MTWTF-');
insert into Flight values ('052', '00006', 'A400', 'PAR', 'BOS', '1000', '0200', '-MTWTF-');
insert into Flight values ('053', '00005', 'A490', 'BOS', 'PIT', '0300', '0200', 'SMTWTFS');
insert into Flight values ('054', '00006', 'E145', 'BOS', 'LON', '0500', '0100', '-M-W-F-');
insert into Flight values ('055', '00003', 'B747', 'LON', 'PAR', '0600', '0700', '-MTWTF-');
insert into Flight values ('056', '00009', 'A420', 'PIT', 'HAW', '0700', '0500', '-M-W-F-');
insert into Flight values ('057', '00001', 'A430', 'PIT', 'LAX', '0000', '0100', '-M-W-F-');
insert into Flight values ('058', '00006', 'A310', 'LON', 'HAW', '0700', '1000', '-MTWTF-');
insert into Flight values ('059', '00008', 'A460', 'BOS', 'MIA', '0800', '1600', '-M-W-F-');
insert into Flight values ('060', '00009', 'A360', 'BOS', 'PAR', '0600', '2200', 'SMTWTFS');
insert into Flight values ('061', '00008', 'A380', 'PIT', 'SEA', '0200', '0100', '-MTWTF-');
insert into Flight values ('062', '00009', 'B200', 'PIT', 'BOS', '1000', '2000', 'S-----S');
insert into Flight values ('063', '00002', 'A480', 'PHI', 'LON', '0500', '1900', 'S-----S');
insert into Flight values ('064', '00002', 'B747', 'HAW', 'MIA', '0800', '2200', '-MTWTF-');
insert into Flight values ('065', '00006', 'A490', 'JFK', 'BOS', '1000', '1800', 'S-----S');
insert into Flight values ('066', '00000', 'A330', 'LAX', 'PIT', '0300', '1800', 'SMTWTFS');
insert into Flight values ('067', '00002', 'B747', 'JFK', 'LAX', '0000', '0600', 'SMTWTFS');
insert into Flight values ('068', '00009', 'A390', 'LON', 'PIT', '0300', '1200', '-M-W-F-');
insert into Flight values ('069', '00000', 'A500', 'SEA', 'JFK', '0100', '2300', '-MTWTF-');
insert into Flight values ('070', '00003', 'A460', 'LON', 'PAR', '0600', '1500', '-M-W-F-');
insert into Flight values ('071', '00001', 'A380', 'HAW', 'SEA', '0200', '0600', 'SMTWTFS');
insert into Flight values ('072', '00002', 'A440', 'JFK', 'MIA', '0800', '1400', 'S-----S');
insert into Flight values ('073', '00009', 'A420', 'AUS', 'BOS', '1000', '2200', 'SMTWTFS');
insert into Flight values ('074', '00007', 'A440', 'LON', 'BOS', '1000', '2000', 'SMTWTFS');
insert into Flight values ('075', '00006', 'B767', 'BOS', 'MIA', '0800', '0600', 'SMTWTFS');
insert into Flight values ('076', '00008', 'A390', 'HAW', 'LON', '0500', '0900', '-MTWTF-');
insert into Flight values ('077', '00008', 'B767', 'LAX', 'PAR', '0600', '0300', '-MTWTF-');
insert into Flight values ('078', '00008', 'B777', 'HAW', 'MIA', '0800', '2300', '-MTWTF-');
insert into Flight values ('079', '00005', 'A330', 'BOS', 'SEA', '0200', '0900', 'S-----S');
insert into Flight values ('080', '00000', 'A300', 'AUS', 'PHI', '0400', '1000', '-MTWTF-');
insert into Flight values ('081', '00006', 'A440', 'PAR', 'HAW', '0700', '0500', '-M-W-F-');
insert into Flight values ('082', '00009', 'B787', 'AUS', 'LAX', '0000', '2200', '-M-W-F-');
insert into Flight values ('083', '00000', 'A340', 'LON', 'JFK', '0100', '1800', 'S-----S');
insert into Flight values ('084', '00006', 'A490', 'HAW', 'MIA', '0800', '0700', 'S-----S');
insert into Flight values ('085', '00007', 'A370', 'BOS', 'PIT', '0300', '1300', 'SMTWTFS');
insert into Flight values ('086', '00009', 'A310', 'AUS', 'BOS', '1000', '1900', 'S-----S');
insert into Flight values ('087', '00003', 'A310', 'MIA', 'JFK', '0100', '0700', 'S-----S');
insert into Flight values ('088', '00008', 'A410', 'JFK', 'PAR', '0600', '0300', '-MTWTF-');
insert into Flight values ('089', '00009', 'A410', 'BOS', 'MIA', '0800', '0600', 'SMTWTFS');
insert into Flight values ('090', '00007', 'A490', 'PIT', 'LAX', '0000', '1400', '-M-W-F-');
insert into Flight values ('091', '00005', 'A340', 'HAW', 'MIA', '0800', '0300', 'S-----S');
insert into Flight values ('092', '00006', 'A490', 'PHI', 'JFK', '0100', '1300', '-MTWTF-');
insert into Flight values ('093', '00001', 'B300', 'AUS', 'MIA', '0800', '0600', 'SMTWTFS');
insert into Flight values ('094', '00008', 'A490', 'BOS', 'PIT', '0300', '1300', '-MTWTF-');
insert into Flight values ('095', '00002', 'E145', 'LON', 'JFK', '0100', '2200', '-M-W-F-');
insert into Flight values ('096', '00009', 'E380', 'SEA', 'HAW', '0700', '1200', '-M-W-F-');
insert into Flight values ('097', '00002', 'A450', 'LAX', 'AUS', '0900', '1200', '-M-W-F-');
insert into Flight values ('098', '00003', 'B787', 'MIA', 'AUS', '0900', '1400', '-M-W-F-');
insert into Flight values ('099', '00004', 'A460', 'AUS', 'JFK', '0100', '0600', '-M-W-F-');

insert into Price values ('LAX', 'PHI', '00001', '500', '250');
insert into Price values ('LAX', 'LON', '00001', '500', '250');
insert into Price values ('AUS', 'PAR', '00009', '500', '250');
insert into Price values ('JFK', 'PIT', '00006', '500', '250');
insert into Price values ('HAW', 'AUS', '00008', '500', '250');
insert into Price values ('PIT', 'LAX', '00002', '500', '250');
insert into Price values ('SEA', 'LAX', '00000', '500', '250');
insert into Price values ('AUS', 'BOS', '00008', '500', '250');
insert into Price values ('LON', 'BOS', '00008', '1000', '750');
insert into Price values ('PHI', 'JFK', '00009', '500', '250');
insert into Price values ('BOS', 'PAR', '00001', '500', '250');
insert into Price values ('BOS', 'HAW', '00006', '500', '250');
insert into Price values ('JFK', 'LAX', '00005', '500', '250');
insert into Price values ('LAX', 'BOS', '00003', '500', '250');
insert into Price values ('LON', 'JFK', '00007', '1000', '750');
insert into Price values ('LON', 'SEA', '00001', '1000', '750');
insert into Price values ('PAR', 'PIT', '00006', '500', '250');
insert into Price values ('BOS', 'SEA', '00000', '500', '250');
insert into Price values ('PAR', 'LAX', '00007', '500', '250');
insert into Price values ('AUS', 'JFK', '00005', '500', '250');
insert into Price values ('PAR', 'MIA', '00007', '500', '250');
insert into Price values ('MIA', 'HAW', '00000', '500', '250');
insert into Price values ('MIA', 'LAX', '00009', '500', '250');
insert into Price values ('SEA', 'PHI', '00000', '500', '250');
insert into Price values ('PHI', 'LON', '00000', '500', '250');
insert into Price values ('JFK', 'LON', '00006', '500', '250');
insert into Price values ('LAX', 'BOS', '00008', '500', '250');
insert into Price values ('LON', 'PAR', '00002', '1000', '750');
insert into Price values ('PHI', 'PIT', '00005', '500', '250');
insert into Price values ('PHI', 'LAX', '00002', '500', '250');
insert into Price values ('PHI', 'LON', '00009', '500', '250');
insert into Price values ('LAX', 'JFK', '00003', '500', '250');
insert into Price values ('BOS', 'PHI', '00005', '500', '250');
insert into Price values ('LAX', 'AUS', '00000', '500', '250');
insert into Price values ('PHI', 'JFK', '00007', '500', '250');
insert into Price values ('BOS', 'SCN', '00003', '1000', '750');
insert into Price values ('PHI', 'AUS', '00002', '500', '250');
insert into Price values ('AUS', 'PAR', '00004', '500', '250');
insert into Price values ('PIT', 'MIA', '00008', '500', '250');
insert into Price values ('SEA', 'MIA', '00003', '500', '250');
insert into Price values ('PAR', 'HAW', '00009', '500', '250');
insert into Price values ('PHI', 'BOS', '00004', '500', '250');
insert into Price values ('PHI', 'LON', '00000', '500', '250');
insert into Price values ('HAW', 'LON', '00008', '500', '250');
insert into Price values ('JFK', 'HAW', '00001', '500', '250');
insert into Price values ('PAR', 'AUS', '00000', '500', '250');
insert into Price values ('LON', 'AUS', '00008', '1000', '750');
insert into Price values ('SEA', 'LAX', '00003', '500', '250');
insert into Price values ('AUS', 'LON', '00009', '500', '250');
insert into Price values ('PIT', 'MIA', '00001', '500', '250');
insert into Price values ('AUS', 'BOS', '00009', '500', '250');
insert into Price values ('BOS', 'PAR', '00007', '500', '250');
insert into Price values ('PAR', 'BOS', '00006', '500', '250');
insert into Price values ('BOS', 'PIT', '00005', '500', '250');
insert into Price values ('BOS', 'LON', '00006', '500', '250');
insert into Price values ('LON', 'PAR', '00003', '1000', '750');
insert into Price values ('PIT', 'HAW', '00009', '500', '250');
insert into Price values ('PIT', 'LAX', '00001', '500', '250');
insert into Price values ('LON', 'HAW', '00006', '1000', '750');
insert into Price values ('BOS', 'MIA', '00008', '500', '250');
insert into Price values ('BOS', 'PAR', '00009', '500', '250');
insert into Price values ('PIT', 'SEA', '00008', '500', '250');
insert into Price values ('PIT', 'BOS', '00009', '500', '250');
insert into Price values ('PHI', 'LON', '00002', '500', '250');
insert into Price values ('HAW', 'MIA', '00002', '500', '250');
insert into Price values ('JFK', 'BOS', '00006', '500', '250');
insert into Price values ('LAX', 'PIT', '00000', '500', '250');
insert into Price values ('JFK', 'LAX', '00002', '500', '250');
insert into Price values ('LON', 'PIT', '00009', '1000', '750');
insert into Price values ('SEA', 'JFK', '00000', '500', '250');
insert into Price values ('LON', 'PAR', '00003', '1000', '750');
insert into Price values ('HAW', 'SEA', '00001', '500', '250');
insert into Price values ('JFK', 'MIA', '00002', '500', '250');
insert into Price values ('AUS', 'BOS', '00009', '500', '250');
insert into Price values ('LON', 'BOS', '00007', '1000', '750');
insert into Price values ('BOS', 'MIA', '00006', '500', '250');
insert into Price values ('HAW', 'LON', '00008', '500', '250');
insert into Price values ('LAX', 'PAR', '00008', '500', '250');
insert into Price values ('HAW', 'MIA', '00008', '500', '250');
insert into Price values ('BOS', 'SEA', '00005', '500', '250');
insert into Price values ('AUS', 'PHI', '00000', '500', '250');
insert into Price values ('PAR', 'HAW', '00006', '500', '250');
insert into Price values ('AUS', 'LAX', '00009', '500', '250');
insert into Price values ('LON', 'JFK', '00000', '1000', '750');
insert into Price values ('HAW', 'MIA', '00006', '500', '250');
insert into Price values ('BOS', 'PIT', '00007', '500', '250');
insert into Price values ('AUS', 'BOS', '00009', '500', '250');
insert into Price values ('MIA', 'JFK', '00003', '500', '250');
insert into Price values ('JFK', 'PAR', '00008', '500', '250');
insert into Price values ('BOS', 'MIA', '00009', '500', '250');
insert into Price values ('PIT', 'LAX', '00007', '500', '250');
insert into Price values ('HAW', 'MIA', '00005', '500', '250');
insert into Price values ('PHI', 'JFK', '00006', '500', '250');
insert into Price values ('AUS', 'MIA', '00001', '500', '250');
insert into Price values ('BOS', 'PIT', '00008', '500', '250');
insert into Price values ('LON', 'JFK', '00002', '1000', '750');
insert into Price values ('SEA', 'HAW', '00009', '500', '250');
insert into Price values ('LAX', 'AUS', '00002', '500', '250');
insert into Price values ('MIA', 'AUS', '00003', '500', '250');
insert into Price values ('AUS', 'JFK', '00004', '500', '250');

insert into Reservation values ('00000', '00000', 250, '000000000000000', to_date('09-OCT-09 00:00:00', 'DD-MON-YYYY HH24:MI:SS'), 'Y');
insert into Reservation values ('00001', '00001', 250, '000000000000000', to_date('09-OCT-09 00:00:00', 'DD-MON-YYYY HH24:MI:SS'), 'Y');
insert into Reservation values ('00002', '00002', 250, '000000000000001', to_date('17-JAN-17 01:00:00', 'DD-MON-YYYY HH24:MI:SS'), 'Y');
insert into Reservation values ('00003', '00003', 250, '000000000000001', to_date('17-JAN-17 01:00:00', 'DD-MON-YYYY HH24:MI:SS'), 'Y');
insert into Reservation values ('00004', '00004', 250, '000000000000002', to_date('14-MAR-14 01:00:00', 'DD-MON-YYYY HH24:MI:SS'), 'Y');
insert into Reservation values ('00005', '00005', 250, '000000000000002', to_date('14-MAR-14 01:00:00', 'DD-MON-YYYY HH24:MI:SS'), 'Y');
insert into Reservation values ('00006', '00006', 500, '000000000000003', to_date('00-MAY-00 00:00:00', 'DD-MON-YYYY HH24:MI:SS'), 'Y');
insert into Reservation values ('00007', '00007', 500, '000000000000003', to_date('00-MAY-00 00:00:00', 'DD-MON-YYYY HH24:MI:SS'), 'Y');
insert into Reservation values ('00008', '00008', 500, '000000000000004', to_date('13-AUG-13 00:00:00', 'DD-MON-YYYY HH24:MI:SS'), 'Y');
insert into Reservation values ('00009', '00009', 500, '000000000000004', to_date('13-AUG-13 00:00:00', 'DD-MON-YYYY HH24:MI:SS'), 'Y');
insert into Reservation values ('00010', '00010', 250, '000000000000005', to_date('02-NOV-02 00:00:00', 'DD-MON-YYYY HH24:MI:SS'), 'N');
insert into Reservation values ('00011', '00011', 250, '000000000000005', to_date('02-NOV-02 00:00:00', 'DD-MON-YYYY HH24:MI:SS'), 'N');
insert into Reservation values ('00012', '00012', 250, '000000000000006', to_date('18-OCT-18 00:00:00', 'DD-MON-YYYY HH24:MI:SS'), 'Y');
insert into Reservation values ('00013', '00013', 250, '000000000000006', to_date('18-OCT-18 00:00:00', 'DD-MON-YYYY HH24:MI:SS'), 'Y');
insert into Reservation values ('00014', '00014', 250, '000000000000007', to_date('07-MAY-07 02:00:00', 'DD-MON-YYYY HH24:MI:SS'), 'Y');
insert into Reservation values ('00015', '00015', 250, '000000000000007', to_date('07-MAY-07 02:00:00', 'DD-MON-YYYY HH24:MI:SS'), 'Y');
insert into Reservation values ('00016', '00016', 1000, '000000000000008', to_date('08-NOV-08 02:00:00', 'DD-MON-YYYY HH24:MI:SS'), 'Y');
insert into Reservation values ('00017', '00017', 1000, '000000000000008', to_date('08-NOV-08 02:00:00', 'DD-MON-YYYY HH24:MI:SS'), 'Y');
insert into Reservation values ('00018', '00018', 250, '000000000000009', to_date('02-NOV-02 02:00:00', 'DD-MON-YYYY HH24:MI:SS'), 'N');
insert into Reservation values ('00019', '00019', 250, '000000000000009', to_date('02-NOV-02 02:00:00', 'DD-MON-YYYY HH24:MI:SS'), 'N');
insert into Reservation values ('00020', '00020', 250, '000000000000010', to_date('10-MAR-10 03:00:00', 'DD-MON-YYYY HH24:MI:SS'), 'Y');
insert into Reservation values ('00021', '00021', 250, '000000000000010', to_date('10-MAR-10 03:00:00', 'DD-MON-YYYY HH24:MI:SS'), 'Y');
insert into Reservation values ('00022', '00022', 500, '000000000000011', to_date('02-OCT-02 01:00:00', 'DD-MON-YYYY HH24:MI:SS'), 'Y');
insert into Reservation values ('00023', '00023', 500, '000000000000011', to_date('02-OCT-02 01:00:00', 'DD-MON-YYYY HH24:MI:SS'), 'Y');
insert into Reservation values ('00024', '00024', 250, '000000000000012', to_date('03-MAR-03 02:00:00', 'DD-MON-YYYY HH24:MI:SS'), 'Y');
insert into Reservation values ('00025', '00025', 250, '000000000000012', to_date('03-MAR-03 02:00:00', 'DD-MON-YYYY HH24:MI:SS'), 'Y');
insert into Reservation values ('00026', '00026', 250, '000000000000013', to_date('18-APR-18 00:00:00', 'DD-MON-YYYY HH24:MI:SS'), 'Y');
insert into Reservation values ('00027', '00027', 250, '000000000000013', to_date('18-APR-18 00:00:00', 'DD-MON-YYYY HH24:MI:SS'), 'Y');
insert into Reservation values ('00028', '00028', 1000, '000000000000014', to_date('00-MAR-00 02:00:00', 'DD-MON-YYYY HH24:MI:SS'), 'Y');
insert into Reservation values ('00029', '00029', 1000, '000000000000014', to_date('00-MAR-00 02:00:00', 'DD-MON-YYYY HH24:MI:SS'), 'Y');
insert into Reservation values ('00030', '00030', 750, '000000000000015', to_date('05-JAN-05 00:00:00', 'DD-MON-YYYY HH24:MI:SS'), 'Y');
insert into Reservation values ('00031', '00031', 750, '000000000000015', to_date('05-JAN-05 00:00:00', 'DD-MON-YYYY HH24:MI:SS'), 'Y');
insert into Reservation values ('00032', '00032', 250, '000000000000016', to_date('07-MAY-07 02:00:00', 'DD-MON-YYYY HH24:MI:SS'), 'Y');
insert into Reservation values ('00033', '00033', 250, '000000000000016', to_date('07-MAY-07 02:00:00', 'DD-MON-YYYY HH24:MI:SS'), 'Y');
insert into Reservation values ('00034', '00034', 500, '000000000000017', to_date('02-MAR-02 03:00:00', 'DD-MON-YYYY HH24:MI:SS'), 'N');
insert into Reservation values ('00035', '00035', 500, '000000000000017', to_date('02-MAR-02 03:00:00', 'DD-MON-YYYY HH24:MI:SS'), 'N');
insert into Reservation values ('00036', '00036', 500, '000000000000018', to_date('13-SEP-13 00:00:00', 'DD-MON-YYYY HH24:MI:SS'), 'Y');
insert into Reservation values ('00037', '00037', 500, '000000000000018', to_date('13-SEP-13 00:00:00', 'DD-MON-YYYY HH24:MI:SS'), 'Y');
insert into Reservation values ('00038', '00038', 250, '000000000000019', to_date('18-MAR-18 01:00:00', 'DD-MON-YYYY HH24:MI:SS'), 'Y');
insert into Reservation values ('00039', '00039', 250, '000000000000019', to_date('18-MAR-18 01:00:00', 'DD-MON-YYYY HH24:MI:SS'), 'Y');
insert into Reservation values ('00040', '00040', 250, '000000000000020', to_date('11-JAN-11 00:00:00', 'DD-MON-YYYY HH24:MI:SS'), 'Y');
insert into Reservation values ('00041', '00041', 250, '000000000000020', to_date('11-JAN-11 00:00:00', 'DD-MON-YYYY HH24:MI:SS'), 'Y');
insert into Reservation values ('00042', '00042', 500, '000000000000021', to_date('01-DEC-01 00:00:00', 'DD-MON-YYYY HH24:MI:SS'), 'Y');
insert into Reservation values ('00043', '00043', 500, '000000000000021', to_date('01-DEC-01 00:00:00', 'DD-MON-YYYY HH24:MI:SS'), 'Y');
insert into Reservation values ('00044', '00044', 250, '000000000000022', to_date('02-MAR-02 02:00:00', 'DD-MON-YYYY HH24:MI:SS'), 'N');
insert into Reservation values ('00045', '00045', 250, '000000000000022', to_date('02-MAR-02 02:00:00', 'DD-MON-YYYY HH24:MI:SS'), 'N');
insert into Reservation values ('00046', '00046', 250, '000000000000023', to_date('00-MAY-00 02:00:00', 'DD-MON-YYYY HH24:MI:SS'), 'Y');
insert into Reservation values ('00047', '00047', 250, '000000000000023', to_date('00-MAY-00 02:00:00', 'DD-MON-YYYY HH24:MI:SS'), 'Y');
insert into Reservation values ('00048', '00048', 500, '000000000000024', to_date('10-OCT-10 00:00:00', 'DD-MON-YYYY HH24:MI:SS'), 'Y');
insert into Reservation values ('00049', '00049', 500, '000000000000024', to_date('10-OCT-10 00:00:00', 'DD-MON-YYYY HH24:MI:SS'), 'Y');
insert into Reservation values ('00050', '00050', 500, '000000000000025', to_date('05-JUL-05 01:00:00', 'DD-MON-YYYY HH24:MI:SS'), 'Y');
insert into Reservation values ('00051', '00051', 500, '000000000000025', to_date('05-JUL-05 01:00:00', 'DD-MON-YYYY HH24:MI:SS'), 'Y');
insert into Reservation values ('00052', '00052', 250, '000000000000026', to_date('04-JUN-04 00:00:00', 'DD-MON-YYYY HH24:MI:SS'), 'Y');
insert into Reservation values ('00053', '00053', 250, '000000000000026', to_date('04-JUN-04 00:00:00', 'DD-MON-YYYY HH24:MI:SS'), 'Y');
insert into Reservation values ('00054', '00054', 750, '000000000000027', to_date('11-MAY-11 03:00:00', 'DD-MON-YYYY HH24:MI:SS'), 'Y');
insert into Reservation values ('00055', '00055', 750, '000000000000027', to_date('11-MAY-11 03:00:00', 'DD-MON-YYYY HH24:MI:SS'), 'Y');
insert into Reservation values ('00056', '00056', 250, '000000000000028', to_date('01-NOV-01 03:00:00', 'DD-MON-YYYY HH24:MI:SS'), 'N');
insert into Reservation values ('00057', '00057', 250, '000000000000028', to_date('01-NOV-01 03:00:00', 'DD-MON-YYYY HH24:MI:SS'), 'N');
insert into Reservation values ('00058', '00058', 250, '000000000000029', to_date('08-SEP-08 03:00:00', 'DD-MON-YYYY HH24:MI:SS'), 'N');
insert into Reservation values ('00059', '00059', 250, '000000000000029', to_date('08-SEP-08 03:00:00', 'DD-MON-YYYY HH24:MI:SS'), 'N');
insert into Reservation values ('00060', '00060', 250, '000000000000030', to_date('16-OCT-16 00:00:00', 'DD-MON-YYYY HH24:MI:SS'), 'Y');
insert into Reservation values ('00061', '00061', 250, '000000000000030', to_date('16-OCT-16 00:00:00', 'DD-MON-YYYY HH24:MI:SS'), 'Y');
insert into Reservation values ('00062', '00062', 250, '000000000000031', to_date('06-JUN-06 01:00:00', 'DD-MON-YYYY HH24:MI:SS'), 'N');
insert into Reservation values ('00063', '00063', 250, '000000000000031', to_date('06-JUN-06 01:00:00', 'DD-MON-YYYY HH24:MI:SS'), 'N');
insert into Reservation values ('00064', '00064', 500, '000000000000032', to_date('13-JAN-13 02:00:00', 'DD-MON-YYYY HH24:MI:SS'), 'N');
insert into Reservation values ('00065', '00065', 500, '000000000000032', to_date('13-JAN-13 02:00:00', 'DD-MON-YYYY HH24:MI:SS'), 'N');
insert into Reservation values ('00066', '00066', 250, '000000000000033', to_date('18-APR-18 00:00:00', 'DD-MON-YYYY HH24:MI:SS'), 'Y');
insert into Reservation values ('00067', '00067', 250, '000000000000033', to_date('18-APR-18 00:00:00', 'DD-MON-YYYY HH24:MI:SS'), 'Y');
insert into Reservation values ('00068', '00068', 500, '000000000000034', to_date('16-NOV-16 00:00:00', 'DD-MON-YYYY HH24:MI:SS'), 'Y');
insert into Reservation values ('00069', '00069', 500, '000000000000034', to_date('16-NOV-16 00:00:00', 'DD-MON-YYYY HH24:MI:SS'), 'Y');
insert into Reservation values ('00070', '00070', 750, '000000000000035', to_date('08-JUN-08 02:00:00', 'DD-MON-YYYY HH24:MI:SS'), 'Y');
insert into Reservation values ('00071', '00071', 750, '000000000000035', to_date('08-JUN-08 02:00:00', 'DD-MON-YYYY HH24:MI:SS'), 'Y');
insert into Reservation values ('00072', '00072', 250, '000000000000036', to_date('12-AUG-12 02:00:00', 'DD-MON-YYYY HH24:MI:SS'), 'Y');
insert into Reservation values ('00073', '00073', 250, '000000000000036', to_date('12-AUG-12 02:00:00', 'DD-MON-YYYY HH24:MI:SS'), 'Y');
insert into Reservation values ('00074', '00074', 500, '000000000000037', to_date('07-AUG-07 02:00:00', 'DD-MON-YYYY HH24:MI:SS'), 'N');
insert into Reservation values ('00075', '00075', 500, '000000000000037', to_date('07-AUG-07 02:00:00', 'DD-MON-YYYY HH24:MI:SS'), 'N');
insert into Reservation values ('00076', '00076', 250, '000000000000038', to_date('02-JUL-02 02:00:00', 'DD-MON-YYYY HH24:MI:SS'), 'Y');
insert into Reservation values ('00077', '00077', 250, '000000000000038', to_date('02-JUL-02 02:00:00', 'DD-MON-YYYY HH24:MI:SS'), 'Y');
insert into Reservation values ('00078', '00078', 500, '000000000000039', to_date('05-SEP-05 01:00:00', 'DD-MON-YYYY HH24:MI:SS'), 'Y');
insert into Reservation values ('00079', '00079', 500, '000000000000039', to_date('05-SEP-05 01:00:00', 'DD-MON-YYYY HH24:MI:SS'), 'Y');
insert into Reservation values ('00080', '00080', 250, '000000000000040', to_date('12-NOV-12 00:00:00', 'DD-MON-YYYY HH24:MI:SS'), 'Y');
insert into Reservation values ('00081', '00081', 250, '000000000000040', to_date('12-NOV-12 00:00:00', 'DD-MON-YYYY HH24:MI:SS'), 'Y');
insert into Reservation values ('00082', '00082', 500, '000000000000041', to_date('04-JUN-04 00:00:00', 'DD-MON-YYYY HH24:MI:SS'), 'Y');
insert into Reservation values ('00083', '00083', 500, '000000000000041', to_date('04-JUN-04 00:00:00', 'DD-MON-YYYY HH24:MI:SS'), 'Y');
insert into Reservation values ('00084', '00084', 500, '000000000000042', to_date('18-NOV-18 00:00:00', 'DD-MON-YYYY HH24:MI:SS'), 'Y');
insert into Reservation values ('00085', '00085', 500, '000000000000042', to_date('18-NOV-18 00:00:00', 'DD-MON-YYYY HH24:MI:SS'), 'Y');
insert into Reservation values ('00086', '00086', 250, '000000000000043', to_date('08-NOV-08 03:00:00', 'DD-MON-YYYY HH24:MI:SS'), 'Y');
insert into Reservation values ('00087', '00087', 250, '000000000000043', to_date('08-NOV-08 03:00:00', 'DD-MON-YYYY HH24:MI:SS'), 'Y');
insert into Reservation values ('00088', '00088', 500, '000000000000044', to_date('02-APR-02 00:00:00', 'DD-MON-YYYY HH24:MI:SS'), 'Y');
insert into Reservation values ('00089', '00089', 500, '000000000000044', to_date('02-APR-02 00:00:00', 'DD-MON-YYYY HH24:MI:SS'), 'Y');
insert into Reservation values ('00090', '00090', 500, '000000000000045', to_date('15-AUG-15 01:00:00', 'DD-MON-YYYY HH24:MI:SS'), 'Y');
insert into Reservation values ('00091', '00091', 500, '000000000000045', to_date('15-AUG-15 01:00:00', 'DD-MON-YYYY HH24:MI:SS'), 'Y');
insert into Reservation values ('00092', '00092', 1000, '000000000000046', to_date('06-JUL-06 01:00:00', 'DD-MON-YYYY HH24:MI:SS'), 'Y');
insert into Reservation values ('00093', '00093', 1000, '000000000000046', to_date('06-JUL-06 01:00:00', 'DD-MON-YYYY HH24:MI:SS'), 'Y');
insert into Reservation values ('00094', '00094', 250, '000000000000047', to_date('15-FEB-15 03:00:00', 'DD-MON-YYYY HH24:MI:SS'), 'Y');
insert into Reservation values ('00095', '00095', 250, '000000000000047', to_date('15-FEB-15 03:00:00', 'DD-MON-YYYY HH24:MI:SS'), 'Y');
insert into Reservation values ('00096', '00096', 250, '000000000000048', to_date('15-MAY-15 00:00:00', 'DD-MON-YYYY HH24:MI:SS'), 'Y');
insert into Reservation values ('00097', '00097', 250, '000000000000048', to_date('15-MAY-15 00:00:00', 'DD-MON-YYYY HH24:MI:SS'), 'Y');
insert into Reservation values ('00098', '00098', 250, '000000000000049', to_date('09-JUL-09 01:00:00', 'DD-MON-YYYY HH24:MI:SS'), 'N');
insert into Reservation values ('00099', '00099', 250, '000000000000049', to_date('09-JUL-09 01:00:00', 'DD-MON-YYYY HH24:MI:SS'), 'N');
insert into Reservation values ('00100', '00100', 500, '000000000000050', to_date('06-DEC-06 03:00:00', 'DD-MON-YYYY HH24:MI:SS'), 'N');
insert into Reservation values ('00101', '00101', 500, '000000000000050', to_date('06-DEC-06 03:00:00', 'DD-MON-YYYY HH24:MI:SS'), 'N');
insert into Reservation values ('00102', '00102', 500, '000000000000051', to_date('14-MAR-14 01:00:00', 'DD-MON-YYYY HH24:MI:SS'), 'Y');
insert into Reservation values ('00103', '00103', 500, '000000000000051', to_date('14-MAR-14 01:00:00', 'DD-MON-YYYY HH24:MI:SS'), 'Y');
insert into Reservation values ('00104', '00104', 250, '000000000000052', to_date('18-JAN-18 01:00:00', 'DD-MON-YYYY HH24:MI:SS'), 'Y');
insert into Reservation values ('00105', '00105', 250, '000000000000052', to_date('18-JAN-18 01:00:00', 'DD-MON-YYYY HH24:MI:SS'), 'Y');
insert into Reservation values ('00106', '00106', 250, '000000000000053', to_date('05-DEC-05 00:00:00', 'DD-MON-YYYY HH24:MI:SS'), 'Y');
insert into Reservation values ('00107', '00107', 250, '000000000000053', to_date('05-DEC-05 00:00:00', 'DD-MON-YYYY HH24:MI:SS'), 'Y');
insert into Reservation values ('00108', '00108', 250, '000000000000054', to_date('08-APR-08 02:00:00', 'DD-MON-YYYY HH24:MI:SS'), 'Y');
insert into Reservation values ('00109', '00109', 250, '000000000000054', to_date('08-APR-08 02:00:00', 'DD-MON-YYYY HH24:MI:SS'), 'Y');
insert into Reservation values ('00110', '00110', 750, '000000000000055', to_date('07-OCT-07 01:00:00', 'DD-MON-YYYY HH24:MI:SS'), 'Y');
insert into Reservation values ('00111', '00111', 750, '000000000000055', to_date('07-OCT-07 01:00:00', 'DD-MON-YYYY HH24:MI:SS'), 'Y');
insert into Reservation values ('00112', '00112', 250, '000000000000056', to_date('07-DEC-07 02:00:00', 'DD-MON-YYYY HH24:MI:SS'), 'Y');
insert into Reservation values ('00113', '00113', 250, '000000000000056', to_date('07-DEC-07 02:00:00', 'DD-MON-YYYY HH24:MI:SS'), 'Y');
insert into Reservation values ('00114', '00114', 250, '000000000000057', to_date('10-AUG-10 02:00:00', 'DD-MON-YYYY HH24:MI:SS'), 'Y');
insert into Reservation values ('00115', '00115', 250, '000000000000057', to_date('10-AUG-10 02:00:00', 'DD-MON-YYYY HH24:MI:SS'), 'Y');
insert into Reservation values ('00116', '00116', 750, '000000000000058', to_date('01-MAR-01 01:00:00', 'DD-MON-YYYY HH24:MI:SS'), 'Y');
insert into Reservation values ('00117', '00117', 750, '000000000000058', to_date('01-MAR-01 01:00:00', 'DD-MON-YYYY HH24:MI:SS'), 'Y');
insert into Reservation values ('00118', '00118', 500, '000000000000059', to_date('01-APR-01 02:00:00', 'DD-MON-YYYY HH24:MI:SS'), 'Y');
insert into Reservation values ('00119', '00119', 500, '000000000000059', to_date('01-APR-01 02:00:00', 'DD-MON-YYYY HH24:MI:SS'), 'Y');
insert into Reservation values ('00120', '00120', 500, '000000000000060', to_date('14-APR-14 00:00:00', 'DD-MON-YYYY HH24:MI:SS'), 'Y');
insert into Reservation values ('00121', '00121', 500, '000000000000060', to_date('14-APR-14 00:00:00', 'DD-MON-YYYY HH24:MI:SS'), 'Y');
insert into Reservation values ('00122', '00122', 250, '000000000000061', to_date('04-NOV-04 01:00:00', 'DD-MON-YYYY HH24:MI:SS'), 'Y');
insert into Reservation values ('00123', '00123', 250, '000000000000061', to_date('04-NOV-04 01:00:00', 'DD-MON-YYYY HH24:MI:SS'), 'Y');
insert into Reservation values ('00124', '00124', 500, '000000000000062', to_date('16-MAY-16 03:00:00', 'DD-MON-YYYY HH24:MI:SS'), 'Y');
insert into Reservation values ('00125', '00125', 500, '000000000000062', to_date('16-MAY-16 03:00:00', 'DD-MON-YYYY HH24:MI:SS'), 'Y');
insert into Reservation values ('00126', '00126', 500, '000000000000063', to_date('16-SEP-16 03:00:00', 'DD-MON-YYYY HH24:MI:SS'), 'Y');
insert into Reservation values ('00127', '00127', 500, '000000000000063', to_date('16-SEP-16 03:00:00', 'DD-MON-YYYY HH24:MI:SS'), 'Y');
insert into Reservation values ('00128', '00128', 500, '000000000000064', to_date('14-APR-14 01:00:00', 'DD-MON-YYYY HH24:MI:SS'), 'Y');
insert into Reservation values ('00129', '00129', 500, '000000000000064', to_date('14-APR-14 01:00:00', 'DD-MON-YYYY HH24:MI:SS'), 'Y');
insert into Reservation values ('00130', '00130', 500, '000000000000065', to_date('15-JUL-15 03:00:00', 'DD-MON-YYYY HH24:MI:SS'), 'Y');
insert into Reservation values ('00131', '00131', 500, '000000000000065', to_date('15-JUL-15 03:00:00', 'DD-MON-YYYY HH24:MI:SS'), 'Y');
insert into Reservation values ('00132', '00132', 500, '000000000000066', to_date('10-JAN-10 00:00:00', 'DD-MON-YYYY HH24:MI:SS'), 'Y');
insert into Reservation values ('00133', '00133', 500, '000000000000066', to_date('10-JAN-10 00:00:00', 'DD-MON-YYYY HH24:MI:SS'), 'Y');
insert into Reservation values ('00134', '00134', 250, '000000000000067', to_date('16-FEB-16 00:00:00', 'DD-MON-YYYY HH24:MI:SS'), 'Y');
insert into Reservation values ('00135', '00135', 250, '000000000000067', to_date('16-FEB-16 00:00:00', 'DD-MON-YYYY HH24:MI:SS'), 'Y');
insert into Reservation values ('00136', '00136', 1000, '000000000000068', to_date('11-JUN-11 02:00:00', 'DD-MON-YYYY HH24:MI:SS'), 'Y');
insert into Reservation values ('00137', '00137', 1000, '000000000000068', to_date('11-JUN-11 02:00:00', 'DD-MON-YYYY HH24:MI:SS'), 'Y');
insert into Reservation values ('00138', '00138', 500, '000000000000069', to_date('17-DEC-17 01:00:00', 'DD-MON-YYYY HH24:MI:SS'), 'Y');
insert into Reservation values ('00139', '00139', 500, '000000000000069', to_date('17-DEC-17 01:00:00', 'DD-MON-YYYY HH24:MI:SS'), 'Y');
insert into Reservation values ('00140', '00140', 750, '000000000000070', to_date('14-DEC-14 02:00:00', 'DD-MON-YYYY HH24:MI:SS'), 'N');
insert into Reservation values ('00141', '00141', 750, '000000000000070', to_date('14-DEC-14 02:00:00', 'DD-MON-YYYY HH24:MI:SS'), 'N');
insert into Reservation values ('00142', '00142', 500, '000000000000071', to_date('07-MAY-07 00:00:00', 'DD-MON-YYYY HH24:MI:SS'), 'N');
insert into Reservation values ('00143', '00143', 500, '000000000000071', to_date('07-MAY-07 00:00:00', 'DD-MON-YYYY HH24:MI:SS'), 'N');
insert into Reservation values ('00144', '00144', 250, '000000000000072', to_date('06-MAY-06 03:00:00', 'DD-MON-YYYY HH24:MI:SS'), 'N');
insert into Reservation values ('00145', '00145', 250, '000000000000072', to_date('06-MAY-06 03:00:00', 'DD-MON-YYYY HH24:MI:SS'), 'N');
insert into Reservation values ('00146', '00146', 500, '000000000000073', to_date('13-JAN-13 00:00:00', 'DD-MON-YYYY HH24:MI:SS'), 'Y');
insert into Reservation values ('00147', '00147', 500, '000000000000073', to_date('13-JAN-13 00:00:00', 'DD-MON-YYYY HH24:MI:SS'), 'Y');
insert into Reservation values ('00148', '00148', 1000, '000000000000074', to_date('14-JUL-14 00:00:00', 'DD-MON-YYYY HH24:MI:SS'), 'Y');
insert into Reservation values ('00149', '00149', 1000, '000000000000074', to_date('14-JUL-14 00:00:00', 'DD-MON-YYYY HH24:MI:SS'), 'Y');
insert into Reservation values ('00150', '00150', 250, '000000000000075', to_date('07-OCT-07 00:00:00', 'DD-MON-YYYY HH24:MI:SS'), 'Y');
insert into Reservation values ('00151', '00151', 250, '000000000000075', to_date('07-OCT-07 00:00:00', 'DD-MON-YYYY HH24:MI:SS'), 'Y');
insert into Reservation values ('00152', '00152', 500, '000000000000076', to_date('10-FEB-10 01:00:00', 'DD-MON-YYYY HH24:MI:SS'), 'Y');
insert into Reservation values ('00153', '00153', 500, '000000000000076', to_date('10-FEB-10 01:00:00', 'DD-MON-YYYY HH24:MI:SS'), 'Y');
insert into Reservation values ('00154', '00154', 500, '000000000000077', to_date('00-MAR-00 01:00:00', 'DD-MON-YYYY HH24:MI:SS'), 'N');
insert into Reservation values ('00155', '00155', 500, '000000000000077', to_date('00-MAR-00 01:00:00', 'DD-MON-YYYY HH24:MI:SS'), 'N');
insert into Reservation values ('00156', '00156', 500, '000000000000078', to_date('09-AUG-09 01:00:00', 'DD-MON-YYYY HH24:MI:SS'), 'N');
insert into Reservation values ('00157', '00157', 500, '000000000000078', to_date('09-AUG-09 01:00:00', 'DD-MON-YYYY HH24:MI:SS'), 'N');
insert into Reservation values ('00158', '00158', 250, '000000000000079', to_date('04-MAY-04 03:00:00', 'DD-MON-YYYY HH24:MI:SS'), 'Y');
insert into Reservation values ('00159', '00159', 250, '000000000000079', to_date('04-MAY-04 03:00:00', 'DD-MON-YYYY HH24:MI:SS'), 'Y');
insert into Reservation values ('00160', '00160', 500, '000000000000080', to_date('14-AUG-14 01:00:00', 'DD-MON-YYYY HH24:MI:SS'), 'N');
insert into Reservation values ('00161', '00161', 500, '000000000000080', to_date('14-AUG-14 01:00:00', 'DD-MON-YYYY HH24:MI:SS'), 'N');
insert into Reservation values ('00162', '00162', 250, '000000000000081', to_date('02-FEB-02 02:00:00', 'DD-MON-YYYY HH24:MI:SS'), 'Y');
insert into Reservation values ('00163', '00163', 250, '000000000000081', to_date('02-FEB-02 02:00:00', 'DD-MON-YYYY HH24:MI:SS'), 'Y');
insert into Reservation values ('00164', '00164', 500, '000000000000082', to_date('07-DEC-07 02:00:00', 'DD-MON-YYYY HH24:MI:SS'), 'Y');
insert into Reservation values ('00165', '00165', 500, '000000000000082', to_date('07-DEC-07 02:00:00', 'DD-MON-YYYY HH24:MI:SS'), 'Y');
insert into Reservation values ('00166', '00166', 750, '000000000000083', to_date('02-SEP-02 03:00:00', 'DD-MON-YYYY HH24:MI:SS'), 'Y');
insert into Reservation values ('00167', '00167', 750, '000000000000083', to_date('02-SEP-02 03:00:00', 'DD-MON-YYYY HH24:MI:SS'), 'Y');
insert into Reservation values ('00168', '00168', 500, '000000000000084', to_date('17-DEC-17 03:00:00', 'DD-MON-YYYY HH24:MI:SS'), 'Y');
insert into Reservation values ('00169', '00169', 500, '000000000000084', to_date('17-DEC-17 03:00:00', 'DD-MON-YYYY HH24:MI:SS'), 'Y');
insert into Reservation values ('00170', '00170', 500, '000000000000085', to_date('04-SEP-04 00:00:00', 'DD-MON-YYYY HH24:MI:SS'), 'Y');
insert into Reservation values ('00171', '00171', 500, '000000000000085', to_date('04-SEP-04 00:00:00', 'DD-MON-YYYY HH24:MI:SS'), 'Y');
insert into Reservation values ('00172', '00172', 500, '000000000000086', to_date('18-OCT-18 03:00:00', 'DD-MON-YYYY HH24:MI:SS'), 'Y');
insert into Reservation values ('00173', '00173', 500, '000000000000086', to_date('18-OCT-18 03:00:00', 'DD-MON-YYYY HH24:MI:SS'), 'Y');
insert into Reservation values ('00174', '00174', 250, '000000000000087', to_date('14-OCT-14 03:00:00', 'DD-MON-YYYY HH24:MI:SS'), 'Y');
insert into Reservation values ('00175', '00175', 250, '000000000000087', to_date('14-OCT-14 03:00:00', 'DD-MON-YYYY HH24:MI:SS'), 'Y');
insert into Reservation values ('00176', '00176', 250, '000000000000088', to_date('09-FEB-09 01:00:00', 'DD-MON-YYYY HH24:MI:SS'), 'Y');
insert into Reservation values ('00177', '00177', 250, '000000000000088', to_date('09-FEB-09 01:00:00', 'DD-MON-YYYY HH24:MI:SS'), 'Y');
insert into Reservation values ('00178', '00178', 250, '000000000000089', to_date('12-FEB-12 00:00:00', 'DD-MON-YYYY HH24:MI:SS'), 'Y');
insert into Reservation values ('00179', '00179', 250, '000000000000089', to_date('12-FEB-12 00:00:00', 'DD-MON-YYYY HH24:MI:SS'), 'Y');
insert into Reservation values ('00180', '00180', 250, '000000000000090', to_date('03-JAN-03 02:00:00', 'DD-MON-YYYY HH24:MI:SS'), 'Y');
insert into Reservation values ('00181', '00181', 250, '000000000000090', to_date('03-JAN-03 02:00:00', 'DD-MON-YYYY HH24:MI:SS'), 'Y');
insert into Reservation values ('00182', '00182', 250, '000000000000091', to_date('17-MAY-17 03:00:00', 'DD-MON-YYYY HH24:MI:SS'), 'Y');
insert into Reservation values ('00183', '00183', 250, '000000000000091', to_date('17-MAY-17 03:00:00', 'DD-MON-YYYY HH24:MI:SS'), 'Y');
insert into Reservation values ('00184', '00184', 250, '000000000000092', to_date('10-OCT-10 01:00:00', 'DD-MON-YYYY HH24:MI:SS'), 'N');
insert into Reservation values ('00185', '00185', 250, '000000000000092', to_date('10-OCT-10 01:00:00', 'DD-MON-YYYY HH24:MI:SS'), 'N');
insert into Reservation values ('00186', '00186', 250, '000000000000093', to_date('13-DEC-13 00:00:00', 'DD-MON-YYYY HH24:MI:SS'), 'N');
insert into Reservation values ('00187', '00187', 250, '000000000000093', to_date('13-DEC-13 00:00:00', 'DD-MON-YYYY HH24:MI:SS'), 'N');
insert into Reservation values ('00188', '00188', 500, '000000000000094', to_date('00-MAY-00 01:00:00', 'DD-MON-YYYY HH24:MI:SS'), 'Y');
insert into Reservation values ('00189', '00189', 500, '000000000000094', to_date('00-MAY-00 01:00:00', 'DD-MON-YYYY HH24:MI:SS'), 'Y');
insert into Reservation values ('00190', '00190', 1000, '000000000000095', to_date('14-APR-14 02:00:00', 'DD-MON-YYYY HH24:MI:SS'), 'Y');
insert into Reservation values ('00191', '00191', 1000, '000000000000095', to_date('14-APR-14 02:00:00', 'DD-MON-YYYY HH24:MI:SS'), 'Y');
insert into Reservation values ('00192', '00192', 500, '000000000000096', to_date('06-JUL-06 02:00:00', 'DD-MON-YYYY HH24:MI:SS'), 'N');
insert into Reservation values ('00193', '00193', 500, '000000000000096', to_date('06-JUL-06 02:00:00', 'DD-MON-YYYY HH24:MI:SS'), 'N');
insert into Reservation values ('00194', '00194', 500, '000000000000097', to_date('01-APR-01 02:00:00', 'DD-MON-YYYY HH24:MI:SS'), 'Y');
insert into Reservation values ('00195', '00195', 500, '000000000000097', to_date('01-APR-01 02:00:00', 'DD-MON-YYYY HH24:MI:SS'), 'Y');
insert into Reservation values ('00196', '00196', 500, '000000000000098', to_date('12-SEP-12 02:00:00', 'DD-MON-YYYY HH24:MI:SS'), 'Y');
insert into Reservation values ('00197', '00197', 500, '000000000000098', to_date('12-SEP-12 02:00:00', 'DD-MON-YYYY HH24:MI:SS'), 'Y');
insert into Reservation values ('00198', '00198', 500, '000000000000099', to_date('14-APR-14 02:00:00', 'DD-MON-YYYY HH24:MI:SS'), 'Y');
insert into Reservation values ('00199', '00199', 500, '000000000000099', to_date('14-APR-14 02:00:00', 'DD-MON-YYYY HH24:MI:SS'), 'Y');

insert into Reservation_detail values ('00000', '000', to_date('09-OCT-09 00:00:00', 'DD-MON-YYYY HH24:MI:SS'), 1);
insert into Reservation_detail values ('00001', '000', to_date('09-OCT-09 00:00:00', 'DD-MON-YYYY HH24:MI:SS'), 1);
insert into Reservation_detail values ('00002', '001', to_date('17-JAN-17 01:00:00', 'DD-MON-YYYY HH24:MI:SS'), 1);
insert into Reservation_detail values ('00003', '001', to_date('17-JAN-17 01:00:00', 'DD-MON-YYYY HH24:MI:SS'), 1);
insert into Reservation_detail values ('00004', '002', to_date('14-MAR-14 01:00:00', 'DD-MON-YYYY HH24:MI:SS'), 1);
insert into Reservation_detail values ('00005', '002', to_date('14-MAR-14 01:00:00', 'DD-MON-YYYY HH24:MI:SS'), 1);
insert into Reservation_detail values ('00006', '003', to_date('00-MAY-00 00:00:00', 'DD-MON-YYYY HH24:MI:SS'), 1);
insert into Reservation_detail values ('00007', '003', to_date('00-MAY-00 00:00:00', 'DD-MON-YYYY HH24:MI:SS'), 1);
insert into Reservation_detail values ('00008', '004', to_date('13-AUG-13 00:00:00', 'DD-MON-YYYY HH24:MI:SS'), 1);
insert into Reservation_detail values ('00009', '004', to_date('13-AUG-13 00:00:00', 'DD-MON-YYYY HH24:MI:SS'), 1);
insert into Reservation_detail values ('00010', '005', to_date('02-NOV-02 00:00:00', 'DD-MON-YYYY HH24:MI:SS'), 1);
insert into Reservation_detail values ('00011', '005', to_date('02-NOV-02 00:00:00', 'DD-MON-YYYY HH24:MI:SS'), 1);
insert into Reservation_detail values ('00012', '006', to_date('18-OCT-18 00:00:00', 'DD-MON-YYYY HH24:MI:SS'), 1);
insert into Reservation_detail values ('00013', '006', to_date('18-OCT-18 00:00:00', 'DD-MON-YYYY HH24:MI:SS'), 1);
insert into Reservation_detail values ('00014', '007', to_date('07-MAY-07 02:00:00', 'DD-MON-YYYY HH24:MI:SS'), 1);
insert into Reservation_detail values ('00015', '007', to_date('07-MAY-07 02:00:00', 'DD-MON-YYYY HH24:MI:SS'), 1);
insert into Reservation_detail values ('00016', '008', to_date('08-NOV-08 02:00:00', 'DD-MON-YYYY HH24:MI:SS'), 1);
insert into Reservation_detail values ('00017', '008', to_date('08-NOV-08 02:00:00', 'DD-MON-YYYY HH24:MI:SS'), 1);
insert into Reservation_detail values ('00018', '009', to_date('02-NOV-02 02:00:00', 'DD-MON-YYYY HH24:MI:SS'), 1);
insert into Reservation_detail values ('00019', '009', to_date('02-NOV-02 02:00:00', 'DD-MON-YYYY HH24:MI:SS'), 1);
insert into Reservation_detail values ('00020', '010', to_date('10-MAR-10 03:00:00', 'DD-MON-YYYY HH24:MI:SS'), 1);
insert into Reservation_detail values ('00021', '010', to_date('10-MAR-10 03:00:00', 'DD-MON-YYYY HH24:MI:SS'), 1);
insert into Reservation_detail values ('00022', '011', to_date('02-OCT-02 01:00:00', 'DD-MON-YYYY HH24:MI:SS'), 1);
insert into Reservation_detail values ('00023', '011', to_date('02-OCT-02 01:00:00', 'DD-MON-YYYY HH24:MI:SS'), 1);
insert into Reservation_detail values ('00024', '012', to_date('03-MAR-03 02:00:00', 'DD-MON-YYYY HH24:MI:SS'), 1);
insert into Reservation_detail values ('00025', '012', to_date('03-MAR-03 02:00:00', 'DD-MON-YYYY HH24:MI:SS'), 1);
insert into Reservation_detail values ('00026', '013', to_date('18-APR-18 00:00:00', 'DD-MON-YYYY HH24:MI:SS'), 1);
insert into Reservation_detail values ('00027', '013', to_date('18-APR-18 00:00:00', 'DD-MON-YYYY HH24:MI:SS'), 1);
insert into Reservation_detail values ('00028', '014', to_date('00-MAR-00 02:00:00', 'DD-MON-YYYY HH24:MI:SS'), 1);
insert into Reservation_detail values ('00029', '014', to_date('00-MAR-00 02:00:00', 'DD-MON-YYYY HH24:MI:SS'), 1);
insert into Reservation_detail values ('00030', '015', to_date('05-JAN-05 00:00:00', 'DD-MON-YYYY HH24:MI:SS'), 1);
insert into Reservation_detail values ('00031', '015', to_date('05-JAN-05 00:00:00', 'DD-MON-YYYY HH24:MI:SS'), 1);
insert into Reservation_detail values ('00032', '016', to_date('07-MAY-07 02:00:00', 'DD-MON-YYYY HH24:MI:SS'), 1);
insert into Reservation_detail values ('00033', '016', to_date('07-MAY-07 02:00:00', 'DD-MON-YYYY HH24:MI:SS'), 1);
insert into Reservation_detail values ('00034', '017', to_date('02-MAR-02 03:00:00', 'DD-MON-YYYY HH24:MI:SS'), 1);
insert into Reservation_detail values ('00035', '017', to_date('02-MAR-02 03:00:00', 'DD-MON-YYYY HH24:MI:SS'), 1);
insert into Reservation_detail values ('00036', '018', to_date('13-SEP-13 00:00:00', 'DD-MON-YYYY HH24:MI:SS'), 1);
insert into Reservation_detail values ('00037', '018', to_date('13-SEP-13 00:00:00', 'DD-MON-YYYY HH24:MI:SS'), 1);
insert into Reservation_detail values ('00038', '019', to_date('18-MAR-18 01:00:00', 'DD-MON-YYYY HH24:MI:SS'), 1);
insert into Reservation_detail values ('00039', '019', to_date('18-MAR-18 01:00:00', 'DD-MON-YYYY HH24:MI:SS'), 1);
insert into Reservation_detail values ('00040', '020', to_date('11-JAN-11 00:00:00', 'DD-MON-YYYY HH24:MI:SS'), 1);
insert into Reservation_detail values ('00041', '020', to_date('11-JAN-11 00:00:00', 'DD-MON-YYYY HH24:MI:SS'), 1);
insert into Reservation_detail values ('00042', '021', to_date('01-DEC-01 00:00:00', 'DD-MON-YYYY HH24:MI:SS'), 1);
insert into Reservation_detail values ('00043', '021', to_date('01-DEC-01 00:00:00', 'DD-MON-YYYY HH24:MI:SS'), 1);
insert into Reservation_detail values ('00044', '022', to_date('02-MAR-02 02:00:00', 'DD-MON-YYYY HH24:MI:SS'), 1);
insert into Reservation_detail values ('00045', '022', to_date('02-MAR-02 02:00:00', 'DD-MON-YYYY HH24:MI:SS'), 1);
insert into Reservation_detail values ('00046', '023', to_date('00-MAY-00 02:00:00', 'DD-MON-YYYY HH24:MI:SS'), 1);
insert into Reservation_detail values ('00047', '023', to_date('00-MAY-00 02:00:00', 'DD-MON-YYYY HH24:MI:SS'), 1);
insert into Reservation_detail values ('00048', '024', to_date('10-OCT-10 00:00:00', 'DD-MON-YYYY HH24:MI:SS'), 1);
insert into Reservation_detail values ('00049', '024', to_date('10-OCT-10 00:00:00', 'DD-MON-YYYY HH24:MI:SS'), 1);
insert into Reservation_detail values ('00050', '025', to_date('05-JUL-05 01:00:00', 'DD-MON-YYYY HH24:MI:SS'), 1);
insert into Reservation_detail values ('00051', '025', to_date('05-JUL-05 01:00:00', 'DD-MON-YYYY HH24:MI:SS'), 1);
insert into Reservation_detail values ('00052', '026', to_date('04-JUN-04 00:00:00', 'DD-MON-YYYY HH24:MI:SS'), 1);
insert into Reservation_detail values ('00053', '026', to_date('04-JUN-04 00:00:00', 'DD-MON-YYYY HH24:MI:SS'), 1);
insert into Reservation_detail values ('00054', '027', to_date('11-MAY-11 03:00:00', 'DD-MON-YYYY HH24:MI:SS'), 1);
insert into Reservation_detail values ('00055', '027', to_date('11-MAY-11 03:00:00', 'DD-MON-YYYY HH24:MI:SS'), 1);
insert into Reservation_detail values ('00056', '028', to_date('01-NOV-01 03:00:00', 'DD-MON-YYYY HH24:MI:SS'), 1);
insert into Reservation_detail values ('00057', '028', to_date('01-NOV-01 03:00:00', 'DD-MON-YYYY HH24:MI:SS'), 1);
insert into Reservation_detail values ('00058', '029', to_date('08-SEP-08 03:00:00', 'DD-MON-YYYY HH24:MI:SS'), 1);
insert into Reservation_detail values ('00059', '029', to_date('08-SEP-08 03:00:00', 'DD-MON-YYYY HH24:MI:SS'), 1);
insert into Reservation_detail values ('00060', '030', to_date('16-OCT-16 00:00:00', 'DD-MON-YYYY HH24:MI:SS'), 1);
insert into Reservation_detail values ('00061', '030', to_date('16-OCT-16 00:00:00', 'DD-MON-YYYY HH24:MI:SS'), 1);
insert into Reservation_detail values ('00062', '031', to_date('06-JUN-06 01:00:00', 'DD-MON-YYYY HH24:MI:SS'), 1);
insert into Reservation_detail values ('00063', '031', to_date('06-JUN-06 01:00:00', 'DD-MON-YYYY HH24:MI:SS'), 1);
insert into Reservation_detail values ('00064', '032', to_date('13-JAN-13 02:00:00', 'DD-MON-YYYY HH24:MI:SS'), 1);
insert into Reservation_detail values ('00065', '032', to_date('13-JAN-13 02:00:00', 'DD-MON-YYYY HH24:MI:SS'), 1);
insert into Reservation_detail values ('00066', '033', to_date('18-APR-18 00:00:00', 'DD-MON-YYYY HH24:MI:SS'), 1);
insert into Reservation_detail values ('00067', '033', to_date('18-APR-18 00:00:00', 'DD-MON-YYYY HH24:MI:SS'), 1);
insert into Reservation_detail values ('00068', '034', to_date('16-NOV-16 00:00:00', 'DD-MON-YYYY HH24:MI:SS'), 1);
insert into Reservation_detail values ('00069', '034', to_date('16-NOV-16 00:00:00', 'DD-MON-YYYY HH24:MI:SS'), 1);
insert into Reservation_detail values ('00070', '035', to_date('08-JUN-08 02:00:00', 'DD-MON-YYYY HH24:MI:SS'), 1);
insert into Reservation_detail values ('00071', '035', to_date('08-JUN-08 02:00:00', 'DD-MON-YYYY HH24:MI:SS'), 1);
insert into Reservation_detail values ('00072', '036', to_date('12-AUG-12 02:00:00', 'DD-MON-YYYY HH24:MI:SS'), 1);
insert into Reservation_detail values ('00073', '036', to_date('12-AUG-12 02:00:00', 'DD-MON-YYYY HH24:MI:SS'), 1);
insert into Reservation_detail values ('00074', '037', to_date('07-AUG-07 02:00:00', 'DD-MON-YYYY HH24:MI:SS'), 1);
insert into Reservation_detail values ('00075', '037', to_date('07-AUG-07 02:00:00', 'DD-MON-YYYY HH24:MI:SS'), 1);
insert into Reservation_detail values ('00076', '038', to_date('02-JUL-02 02:00:00', 'DD-MON-YYYY HH24:MI:SS'), 1);
insert into Reservation_detail values ('00077', '038', to_date('02-JUL-02 02:00:00', 'DD-MON-YYYY HH24:MI:SS'), 1);
insert into Reservation_detail values ('00078', '039', to_date('05-SEP-05 01:00:00', 'DD-MON-YYYY HH24:MI:SS'), 1);
insert into Reservation_detail values ('00079', '039', to_date('05-SEP-05 01:00:00', 'DD-MON-YYYY HH24:MI:SS'), 1);
insert into Reservation_detail values ('00080', '040', to_date('12-NOV-12 00:00:00', 'DD-MON-YYYY HH24:MI:SS'), 1);
insert into Reservation_detail values ('00081', '040', to_date('12-NOV-12 00:00:00', 'DD-MON-YYYY HH24:MI:SS'), 1);
insert into Reservation_detail values ('00082', '041', to_date('04-JUN-04 00:00:00', 'DD-MON-YYYY HH24:MI:SS'), 1);
insert into Reservation_detail values ('00083', '041', to_date('04-JUN-04 00:00:00', 'DD-MON-YYYY HH24:MI:SS'), 1);
insert into Reservation_detail values ('00084', '042', to_date('18-NOV-18 00:00:00', 'DD-MON-YYYY HH24:MI:SS'), 1);
insert into Reservation_detail values ('00085', '042', to_date('18-NOV-18 00:00:00', 'DD-MON-YYYY HH24:MI:SS'), 1);
insert into Reservation_detail values ('00086', '043', to_date('08-NOV-08 03:00:00', 'DD-MON-YYYY HH24:MI:SS'), 1);
insert into Reservation_detail values ('00087', '043', to_date('08-NOV-08 03:00:00', 'DD-MON-YYYY HH24:MI:SS'), 1);
insert into Reservation_detail values ('00088', '044', to_date('02-APR-02 00:00:00', 'DD-MON-YYYY HH24:MI:SS'), 1);
insert into Reservation_detail values ('00089', '044', to_date('02-APR-02 00:00:00', 'DD-MON-YYYY HH24:MI:SS'), 1);
insert into Reservation_detail values ('00090', '045', to_date('15-AUG-15 01:00:00', 'DD-MON-YYYY HH24:MI:SS'), 1);
insert into Reservation_detail values ('00091', '045', to_date('15-AUG-15 01:00:00', 'DD-MON-YYYY HH24:MI:SS'), 1);
insert into Reservation_detail values ('00092', '046', to_date('06-JUL-06 01:00:00', 'DD-MON-YYYY HH24:MI:SS'), 1);
insert into Reservation_detail values ('00093', '046', to_date('06-JUL-06 01:00:00', 'DD-MON-YYYY HH24:MI:SS'), 1);
insert into Reservation_detail values ('00094', '047', to_date('15-FEB-15 03:00:00', 'DD-MON-YYYY HH24:MI:SS'), 1);
insert into Reservation_detail values ('00095', '047', to_date('15-FEB-15 03:00:00', 'DD-MON-YYYY HH24:MI:SS'), 1);
insert into Reservation_detail values ('00096', '048', to_date('15-MAY-15 00:00:00', 'DD-MON-YYYY HH24:MI:SS'), 1);
insert into Reservation_detail values ('00097', '048', to_date('15-MAY-15 00:00:00', 'DD-MON-YYYY HH24:MI:SS'), 1);
insert into Reservation_detail values ('00098', '049', to_date('09-JUL-09 01:00:00', 'DD-MON-YYYY HH24:MI:SS'), 1);
insert into Reservation_detail values ('00099', '049', to_date('09-JUL-09 01:00:00', 'DD-MON-YYYY HH24:MI:SS'), 1);
insert into Reservation_detail values ('00100', '050', to_date('06-DEC-06 03:00:00', 'DD-MON-YYYY HH24:MI:SS'), 1);
insert into Reservation_detail values ('00101', '050', to_date('06-DEC-06 03:00:00', 'DD-MON-YYYY HH24:MI:SS'), 1);
insert into Reservation_detail values ('00102', '051', to_date('14-MAR-14 01:00:00', 'DD-MON-YYYY HH24:MI:SS'), 1);
insert into Reservation_detail values ('00103', '051', to_date('14-MAR-14 01:00:00', 'DD-MON-YYYY HH24:MI:SS'), 1);
insert into Reservation_detail values ('00104', '052', to_date('18-JAN-18 01:00:00', 'DD-MON-YYYY HH24:MI:SS'), 1);
insert into Reservation_detail values ('00105', '052', to_date('18-JAN-18 01:00:00', 'DD-MON-YYYY HH24:MI:SS'), 1);
insert into Reservation_detail values ('00106', '053', to_date('05-DEC-05 00:00:00', 'DD-MON-YYYY HH24:MI:SS'), 1);
insert into Reservation_detail values ('00107', '053', to_date('05-DEC-05 00:00:00', 'DD-MON-YYYY HH24:MI:SS'), 1);
insert into Reservation_detail values ('00108', '054', to_date('08-APR-08 02:00:00', 'DD-MON-YYYY HH24:MI:SS'), 1);
insert into Reservation_detail values ('00109', '054', to_date('08-APR-08 02:00:00', 'DD-MON-YYYY HH24:MI:SS'), 1);
insert into Reservation_detail values ('00110', '055', to_date('07-OCT-07 01:00:00', 'DD-MON-YYYY HH24:MI:SS'), 1);
insert into Reservation_detail values ('00111', '055', to_date('07-OCT-07 01:00:00', 'DD-MON-YYYY HH24:MI:SS'), 1);
insert into Reservation_detail values ('00112', '056', to_date('07-DEC-07 02:00:00', 'DD-MON-YYYY HH24:MI:SS'), 1);
insert into Reservation_detail values ('00113', '056', to_date('07-DEC-07 02:00:00', 'DD-MON-YYYY HH24:MI:SS'), 1);
insert into Reservation_detail values ('00114', '057', to_date('10-AUG-10 02:00:00', 'DD-MON-YYYY HH24:MI:SS'), 1);
insert into Reservation_detail values ('00115', '057', to_date('10-AUG-10 02:00:00', 'DD-MON-YYYY HH24:MI:SS'), 1);
insert into Reservation_detail values ('00116', '058', to_date('01-MAR-01 01:00:00', 'DD-MON-YYYY HH24:MI:SS'), 1);
insert into Reservation_detail values ('00117', '058', to_date('01-MAR-01 01:00:00', 'DD-MON-YYYY HH24:MI:SS'), 1);
insert into Reservation_detail values ('00118', '059', to_date('01-APR-01 02:00:00', 'DD-MON-YYYY HH24:MI:SS'), 1);
insert into Reservation_detail values ('00119', '059', to_date('01-APR-01 02:00:00', 'DD-MON-YYYY HH24:MI:SS'), 1);
insert into Reservation_detail values ('00120', '060', to_date('14-APR-14 00:00:00', 'DD-MON-YYYY HH24:MI:SS'), 1);
insert into Reservation_detail values ('00121', '060', to_date('14-APR-14 00:00:00', 'DD-MON-YYYY HH24:MI:SS'), 1);
insert into Reservation_detail values ('00122', '061', to_date('04-NOV-04 01:00:00', 'DD-MON-YYYY HH24:MI:SS'), 1);
insert into Reservation_detail values ('00123', '061', to_date('04-NOV-04 01:00:00', 'DD-MON-YYYY HH24:MI:SS'), 1);
insert into Reservation_detail values ('00124', '062', to_date('16-MAY-16 03:00:00', 'DD-MON-YYYY HH24:MI:SS'), 1);
insert into Reservation_detail values ('00125', '062', to_date('16-MAY-16 03:00:00', 'DD-MON-YYYY HH24:MI:SS'), 1);
insert into Reservation_detail values ('00126', '063', to_date('16-SEP-16 03:00:00', 'DD-MON-YYYY HH24:MI:SS'), 1);
insert into Reservation_detail values ('00127', '063', to_date('16-SEP-16 03:00:00', 'DD-MON-YYYY HH24:MI:SS'), 1);
insert into Reservation_detail values ('00128', '064', to_date('14-APR-14 01:00:00', 'DD-MON-YYYY HH24:MI:SS'), 1);
insert into Reservation_detail values ('00129', '064', to_date('14-APR-14 01:00:00', 'DD-MON-YYYY HH24:MI:SS'), 1);
insert into Reservation_detail values ('00130', '065', to_date('15-JUL-15 03:00:00', 'DD-MON-YYYY HH24:MI:SS'), 1);
insert into Reservation_detail values ('00131', '065', to_date('15-JUL-15 03:00:00', 'DD-MON-YYYY HH24:MI:SS'), 1);
insert into Reservation_detail values ('00132', '066', to_date('10-JAN-10 00:00:00', 'DD-MON-YYYY HH24:MI:SS'), 1);
insert into Reservation_detail values ('00133', '066', to_date('10-JAN-10 00:00:00', 'DD-MON-YYYY HH24:MI:SS'), 1);
insert into Reservation_detail values ('00134', '067', to_date('16-FEB-16 00:00:00', 'DD-MON-YYYY HH24:MI:SS'), 1);
insert into Reservation_detail values ('00135', '067', to_date('16-FEB-16 00:00:00', 'DD-MON-YYYY HH24:MI:SS'), 1);
insert into Reservation_detail values ('00136', '068', to_date('11-JUN-11 02:00:00', 'DD-MON-YYYY HH24:MI:SS'), 1);
insert into Reservation_detail values ('00137', '068', to_date('11-JUN-11 02:00:00', 'DD-MON-YYYY HH24:MI:SS'), 1);
insert into Reservation_detail values ('00138', '069', to_date('17-DEC-17 01:00:00', 'DD-MON-YYYY HH24:MI:SS'), 1);
insert into Reservation_detail values ('00139', '069', to_date('17-DEC-17 01:00:00', 'DD-MON-YYYY HH24:MI:SS'), 1);
insert into Reservation_detail values ('00140', '070', to_date('14-DEC-14 02:00:00', 'DD-MON-YYYY HH24:MI:SS'), 1);
insert into Reservation_detail values ('00141', '070', to_date('14-DEC-14 02:00:00', 'DD-MON-YYYY HH24:MI:SS'), 1);
insert into Reservation_detail values ('00142', '071', to_date('07-MAY-07 00:00:00', 'DD-MON-YYYY HH24:MI:SS'), 1);
insert into Reservation_detail values ('00143', '071', to_date('07-MAY-07 00:00:00', 'DD-MON-YYYY HH24:MI:SS'), 1);
insert into Reservation_detail values ('00144', '072', to_date('06-MAY-06 03:00:00', 'DD-MON-YYYY HH24:MI:SS'), 1);
insert into Reservation_detail values ('00145', '072', to_date('06-MAY-06 03:00:00', 'DD-MON-YYYY HH24:MI:SS'), 1);
insert into Reservation_detail values ('00146', '073', to_date('13-JAN-13 00:00:00', 'DD-MON-YYYY HH24:MI:SS'), 1);
insert into Reservation_detail values ('00147', '073', to_date('13-JAN-13 00:00:00', 'DD-MON-YYYY HH24:MI:SS'), 1);
insert into Reservation_detail values ('00148', '074', to_date('14-JUL-14 00:00:00', 'DD-MON-YYYY HH24:MI:SS'), 1);
insert into Reservation_detail values ('00149', '074', to_date('14-JUL-14 00:00:00', 'DD-MON-YYYY HH24:MI:SS'), 1);
insert into Reservation_detail values ('00150', '075', to_date('07-OCT-07 00:00:00', 'DD-MON-YYYY HH24:MI:SS'), 1);
insert into Reservation_detail values ('00151', '075', to_date('07-OCT-07 00:00:00', 'DD-MON-YYYY HH24:MI:SS'), 1);
insert into Reservation_detail values ('00152', '076', to_date('10-FEB-10 01:00:00', 'DD-MON-YYYY HH24:MI:SS'), 1);
insert into Reservation_detail values ('00153', '076', to_date('10-FEB-10 01:00:00', 'DD-MON-YYYY HH24:MI:SS'), 1);
insert into Reservation_detail values ('00154', '077', to_date('00-MAR-00 01:00:00', 'DD-MON-YYYY HH24:MI:SS'), 1);
insert into Reservation_detail values ('00155', '077', to_date('00-MAR-00 01:00:00', 'DD-MON-YYYY HH24:MI:SS'), 1);
insert into Reservation_detail values ('00156', '078', to_date('09-AUG-09 01:00:00', 'DD-MON-YYYY HH24:MI:SS'), 1);
insert into Reservation_detail values ('00157', '078', to_date('09-AUG-09 01:00:00', 'DD-MON-YYYY HH24:MI:SS'), 1);
insert into Reservation_detail values ('00158', '079', to_date('04-MAY-04 03:00:00', 'DD-MON-YYYY HH24:MI:SS'), 1);
insert into Reservation_detail values ('00159', '079', to_date('04-MAY-04 03:00:00', 'DD-MON-YYYY HH24:MI:SS'), 1);
insert into Reservation_detail values ('00160', '080', to_date('14-AUG-14 01:00:00', 'DD-MON-YYYY HH24:MI:SS'), 1);
insert into Reservation_detail values ('00161', '080', to_date('14-AUG-14 01:00:00', 'DD-MON-YYYY HH24:MI:SS'), 1);
insert into Reservation_detail values ('00162', '081', to_date('02-FEB-02 02:00:00', 'DD-MON-YYYY HH24:MI:SS'), 1);
insert into Reservation_detail values ('00163', '081', to_date('02-FEB-02 02:00:00', 'DD-MON-YYYY HH24:MI:SS'), 1);
insert into Reservation_detail values ('00164', '082', to_date('07-DEC-07 02:00:00', 'DD-MON-YYYY HH24:MI:SS'), 1);
insert into Reservation_detail values ('00165', '082', to_date('07-DEC-07 02:00:00', 'DD-MON-YYYY HH24:MI:SS'), 1);
insert into Reservation_detail values ('00166', '083', to_date('02-SEP-02 03:00:00', 'DD-MON-YYYY HH24:MI:SS'), 1);
insert into Reservation_detail values ('00167', '083', to_date('02-SEP-02 03:00:00', 'DD-MON-YYYY HH24:MI:SS'), 1);
insert into Reservation_detail values ('00168', '084', to_date('17-DEC-17 03:00:00', 'DD-MON-YYYY HH24:MI:SS'), 1);
insert into Reservation_detail values ('00169', '084', to_date('17-DEC-17 03:00:00', 'DD-MON-YYYY HH24:MI:SS'), 1);
insert into Reservation_detail values ('00170', '085', to_date('04-SEP-04 00:00:00', 'DD-MON-YYYY HH24:MI:SS'), 1);
insert into Reservation_detail values ('00171', '085', to_date('04-SEP-04 00:00:00', 'DD-MON-YYYY HH24:MI:SS'), 1);
insert into Reservation_detail values ('00172', '086', to_date('18-OCT-18 03:00:00', 'DD-MON-YYYY HH24:MI:SS'), 1);
insert into Reservation_detail values ('00173', '086', to_date('18-OCT-18 03:00:00', 'DD-MON-YYYY HH24:MI:SS'), 1);
insert into Reservation_detail values ('00174', '087', to_date('14-OCT-14 03:00:00', 'DD-MON-YYYY HH24:MI:SS'), 1);
insert into Reservation_detail values ('00175', '087', to_date('14-OCT-14 03:00:00', 'DD-MON-YYYY HH24:MI:SS'), 1);
insert into Reservation_detail values ('00176', '088', to_date('09-FEB-09 01:00:00', 'DD-MON-YYYY HH24:MI:SS'), 1);
insert into Reservation_detail values ('00177', '088', to_date('09-FEB-09 01:00:00', 'DD-MON-YYYY HH24:MI:SS'), 1);
insert into Reservation_detail values ('00178', '089', to_date('12-FEB-12 00:00:00', 'DD-MON-YYYY HH24:MI:SS'), 1);
insert into Reservation_detail values ('00179', '089', to_date('12-FEB-12 00:00:00', 'DD-MON-YYYY HH24:MI:SS'), 1);
insert into Reservation_detail values ('00180', '090', to_date('03-JAN-03 02:00:00', 'DD-MON-YYYY HH24:MI:SS'), 1);
insert into Reservation_detail values ('00181', '090', to_date('03-JAN-03 02:00:00', 'DD-MON-YYYY HH24:MI:SS'), 1);
insert into Reservation_detail values ('00182', '091', to_date('17-MAY-17 03:00:00', 'DD-MON-YYYY HH24:MI:SS'), 1);
insert into Reservation_detail values ('00183', '091', to_date('17-MAY-17 03:00:00', 'DD-MON-YYYY HH24:MI:SS'), 1);
insert into Reservation_detail values ('00184', '092', to_date('10-OCT-10 01:00:00', 'DD-MON-YYYY HH24:MI:SS'), 1);
insert into Reservation_detail values ('00185', '092', to_date('10-OCT-10 01:00:00', 'DD-MON-YYYY HH24:MI:SS'), 1);
insert into Reservation_detail values ('00186', '093', to_date('13-DEC-13 00:00:00', 'DD-MON-YYYY HH24:MI:SS'), 1);
insert into Reservation_detail values ('00187', '093', to_date('13-DEC-13 00:00:00', 'DD-MON-YYYY HH24:MI:SS'), 1);
insert into Reservation_detail values ('00188', '094', to_date('00-MAY-00 01:00:00', 'DD-MON-YYYY HH24:MI:SS'), 1);
insert into Reservation_detail values ('00189', '094', to_date('00-MAY-00 01:00:00', 'DD-MON-YYYY HH24:MI:SS'), 1);
insert into Reservation_detail values ('00190', '095', to_date('14-APR-14 02:00:00', 'DD-MON-YYYY HH24:MI:SS'), 1);
insert into Reservation_detail values ('00191', '095', to_date('14-APR-14 02:00:00', 'DD-MON-YYYY HH24:MI:SS'), 1);
insert into Reservation_detail values ('00192', '096', to_date('06-JUL-06 02:00:00', 'DD-MON-YYYY HH24:MI:SS'), 1);
insert into Reservation_detail values ('00193', '096', to_date('06-JUL-06 02:00:00', 'DD-MON-YYYY HH24:MI:SS'), 1);
insert into Reservation_detail values ('00194', '097', to_date('01-APR-01 02:00:00', 'DD-MON-YYYY HH24:MI:SS'), 1);
insert into Reservation_detail values ('00195', '097', to_date('01-APR-01 02:00:00', 'DD-MON-YYYY HH24:MI:SS'), 1);
insert into Reservation_detail values ('00196', '098', to_date('12-SEP-12 02:00:00', 'DD-MON-YYYY HH24:MI:SS'), 1);
insert into Reservation_detail values ('00197', '098', to_date('12-SEP-12 02:00:00', 'DD-MON-YYYY HH24:MI:SS'), 1);
insert into Reservation_detail values ('00198', '099', to_date('14-APR-14 02:00:00', 'DD-MON-YYYY HH24:MI:SS'), 1);
insert into Reservation_detail values ('00199', '099', to_date('14-APR-14 02:00:00', 'DD-MON-YYYY HH24:MI:SS'), 1);
