
insert into Airline values ('00000', 'Alaska Airlines', 'AKA', 1932);
insert into Airline values ('00001', 'United Airlines', 'UAL', 1931);
insert into Airline values ('00002', 'All Nippon Airways', 'ANA', 1952);
insert into Airline values ('00003', 'Delta Air Lines', 'DAL', 1924);
insert into Airline values ('00004', 'Jet Blue', 'JBA', 1998);
insert into Airline values ('00005', 'American Airlines', 'AAL', 1930);
insert into Airline values ('00006', 'Frontier Airlines', 'FAL', 1994);
insert into Airline values ('00007', 'Southwest Airlines', 'SWA', 1967);
insert into Airline values ('00008', 'Virgin Airlines', 'VAL', 1984);
insert into Airline values ('00009', 'Spirit Airlines', 'SAL', 1980);


insert into Customer values ('00000', 'Mrs', 'Rayloriure', 'Merslamard', '0000000000000000', to_date('OCT-2001', 'MON-YYYY'), '000 United Rd', 'Pittsburgh', 'PA', '1234567000', 'RM000@gmail.com', '00001');
insert into Customer values ('00001', 'Mrs', 'Drakmaraczur', 'Marsalmarzur', '0000000000000001', to_date('NOV-2014', 'MON-YYYY'), '001 United Rd', 'Pittsburgh', 'PA', '1234567001', 'DM001@gmail.com', '00007');
insert into Customer values ('00002', 'Mrs', 'Mjolmiarc', 'Bremaracmed', '0000000000000002', to_date('APR-2003', 'MON-YYYY'), '002 United Rd', 'Pittsburgh', 'PA', '1234567002', 'MB002@gmail.com', '00001');
insert into Customer values ('00003', 'Mr', 'Mjolarkarc', 'Zedsortron', '0000000000000003', to_date('JUL-2000', 'MON-YYYY'), '003 United Rd', 'Pittsburgh', 'PA', '1234567003', 'MZ003@gmail.com', '00009');
insert into Customer values ('00004', 'Mr', 'Breirmed', 'Mjolarcd', '0000000000000004', to_date('SEP-2019', 'MON-YYYY'), '004 United Rd', 'Pittsburgh', 'PA', '1234567004', 'BM004@gmail.com', '00006');
insert into Customer values ('00005', 'Mr', 'Brezoires', 'Mrokmiried', '0000000000000005', to_date('SEP-2013', 'MON-YYYY'), '005 United Rd', 'Pittsburgh', 'PA', '1234567005', 'BM005@gmail.com', '00004');
insert into Customer values ('00006', 'Mrs', 'Mrokcloarc', 'Bresortron', '0000000000000006', to_date('JUN-2002', 'MON-YYYY'), '006 United Rd', 'Pittsburgh', 'PA', '1234567006', 'MB006@gmail.com', '00000');
insert into Customer values ('00007', 'Mr', 'Jarcloed', 'Rayzoired', '0000000000000007', to_date('MAR-2015', 'MON-YYYY'), '007 United Rd', 'Pittsburgh', 'PA', '1234567007', 'JR007@gmail.com', '00002');
insert into Customer values ('00008', 'Mrs', 'Zedloriark', 'Morloricred', '0000000000000008', to_date('APR-2019', 'MON-YYYY'), '008 United Rd', 'Pittsburgh', 'PA', '1234567008', 'ZM008@gmail.com', '00005');
insert into Customer values ('00009', 'Mr', 'Raymurder', 'Breloriarc', '0000000000000009', to_date('MAY-2009', 'MON-YYYY'), '009 United Rd', 'Pittsburgh', 'PA', '1234567009', 'RB009@gmail.com', '00002');
insert into Customer values ('00010', 'Mrs', 'Jarsalmarark', 'Zedreder', '0000000000000010', to_date('MAY-2001', 'MON-YYYY'), '010 United Rd', 'Pittsburgh', 'PA', '1234567010', 'JZ010@gmail.com', '00005');
insert into Customer values ('00011', 'Mrs', 'Madarkzur', 'Crymitron', '0000000000000011', to_date('DEC-2011', 'MON-YYYY'), '011 United Rd', 'Pittsburgh', 'PA', '1234567011', 'MC011@gmail.com', '00005');
insert into Customer values ('00012', 'Mr', 'Krsalmard', 'Krmiritron', '0000000000000012', to_date('MAY-2008', 'MON-YYYY'), '012 United Rd', 'Pittsburgh', 'PA', '1234567012', 'KK012@gmail.com', '00003');
insert into Customer values ('00013', 'Mr', 'Zedcrad', 'Ralorimur', '0000000000000013', to_date('JUN-2002', 'MON-YYYY'), '013 United Rd', 'Pittsburgh', 'PA', '1234567013', 'ZR013@gmail.com', '00008');
insert into Customer values ('00014', 'Mrs', 'Azaksalmartron', 'Azakurakcred', '0000000000000014', to_date('AUG-2011', 'MON-YYYY'), '014 United Rd', 'Pittsburgh', 'PA', '1234567014', 'AA014@gmail.com', '00007');
insert into Customer values ('00015', 'Mrs', 'Drakmirimed', 'Madurakmur', '0000000000000015', to_date('APR-2003', 'MON-YYYY'), '015 United Rd', 'Pittsburgh', 'PA', '1234567015', 'DM015@gmail.com', '00005');
insert into Customer values ('00016', 'Mrs', 'Cazoired', 'Krairzur', '0000000000000016', to_date('MAY-2003', 'MON-YYYY'), '016 United Rd', 'Pittsburgh', 'PA', '1234567016', 'CK016@gmail.com', '00000');
insert into Customer values ('00017', 'Mrs', 'Zedzerd', 'Zursorure', '0000000000000017', to_date('APR-2002', 'MON-YYYY'), '017 United Rd', 'Pittsburgh', 'PA', '1234567017', 'ZZ017@gmail.com', '00001');
insert into Customer values ('00018', 'Mr', 'Lukcloark', 'Mormaracer', '0000000000000018', to_date('FEB-2000', 'MON-YYYY'), '018 United Rd', 'Pittsburgh', 'PA', '1234567018', 'LM018@gmail.com', '00002');
insert into Customer values ('00019', 'Mr', 'Zurmirimur', 'Croslamard', '0000000000000019', to_date('DEC-2013', 'MON-YYYY'), '019 United Rd', 'Pittsburgh', 'PA', '1234567019', 'ZC019@gmail.com', '00002');
insert into Customer values ('00020', 'Mr', 'Morcresmur', 'Zorkzoirder', '0000000000000020', to_date('DEC-2017', 'MON-YYYY'), '020 United Rd', 'Pittsburgh', 'PA', '1234567020', 'MZ020@gmail.com', '00001');
insert into Customer values ('00021', 'Mr', 'Krloritron', 'Reilorimed', '0000000000000021', to_date('JUL-2017', 'MON-YYYY'), '021 United Rd', 'Pittsburgh', 'PA', '1234567021', 'KR021@gmail.com', '00006');
insert into Customer values ('00022', 'Mrs', 'Creoslamartron', 'Cameearc', '0000000000000022', to_date('MAR-2006', 'MON-YYYY'), '022 United Rd', 'Pittsburgh', 'PA', '1234567022', 'CC022@gmail.com', '00008');
insert into Customer values ('00023', 'Mr', 'Crumiriarc', 'Zurarkder', '0000000000000023', to_date('JAN-2016', 'MON-YYYY'), '023 United Rd', 'Pittsburgh', 'PA', '1234567023', 'CZ023@gmail.com', '00004');
insert into Customer values ('00024', 'Mr', 'Rayurakmur', 'Raymimed', '0000000000000024', to_date('JAN-2006', 'MON-YYYY'), '024 United Rd', 'Pittsburgh', 'PA', '1234567024', 'RR024@gmail.com', '00005');
insert into Customer values ('00025', 'Mrs', 'Azurredder', 'Merzermed', '0000000000000025', to_date('JUN-2016', 'MON-YYYY'), '025 United Rd', 'Pittsburgh', 'PA', '1234567025', 'AM025@gmail.com', '00007');
insert into Customer values ('00026', 'Mrs', 'Zorkmier', 'Morurakcred', '0000000000000026', to_date('MAY-2019', 'MON-YYYY'), '026 United Rd', 'Pittsburgh', 'PA', '1234567026', 'ZM026@gmail.com', '00007');
insert into Customer values ('00027', 'Mr', 'Draksortron', 'Zurairmed', '0000000000000027', to_date('JAN-2014', 'MON-YYYY'), '027 United Rd', 'Pittsburgh', 'PA', '1234567027', 'DZ027@gmail.com', '00006');
insert into Customer values ('00028', 'Mrs', 'Krmeecred', 'Crocraure', '0000000000000028', to_date('JUL-2011', 'MON-YYYY'), '028 United Rd', 'Pittsburgh', 'PA', '1234567028', 'KC028@gmail.com', '00005');
insert into Customer values ('00029', 'Mrs', 'Creoarktron', 'Rameeer', '0000000000000029', to_date('FEB-2014', 'MON-YYYY'), '029 United Rd', 'Pittsburgh', 'PA', '1234567029', 'CR029@gmail.com', '00006');
insert into Customer values ('00030', 'Mrs', 'Mjolmiriure', 'Mjolredmed', '0000000000000030', to_date('AUG-2014', 'MON-YYYY'), '030 United Rd', 'Pittsburgh', 'PA', '1234567030', 'MM030@gmail.com', '00006');
insert into Customer values ('00031', 'Mrs', 'Jarcresarc', 'Jarslamarcred', '0000000000000031', to_date('JUN-2012', 'MON-YYYY'), '031 United Rd', 'Pittsburgh', 'PA', '1234567031', 'JJ031@gmail.com', '00002');
insert into Customer values ('00032', 'Mr', 'Jarcraark', 'Krzerark', '0000000000000032', to_date('JAN-2018', 'MON-YYYY'), '032 United Rd', 'Pittsburgh', 'PA', '1234567032', 'JK032@gmail.com', '00000');
insert into Customer values ('00033', 'Mr', 'Razoirarc', 'Rayredmur', '0000000000000033', to_date('JAN-2001', 'MON-YYYY'), '033 United Rd', 'Pittsburgh', 'PA', '1234567033', 'RR033@gmail.com', '00006');
insert into Customer values ('00034', 'Mr', 'Azakclomur', 'Madloriark', '0000000000000034', to_date('JUN-2013', 'MON-YYYY'), '034 United Rd', 'Pittsburgh', 'PA', '1234567034', 'AM034@gmail.com', '00009');
insert into Customer values ('00035', 'Mrs', 'Bremurarc', 'Mrokzoirtron', '0000000000000035', to_date('OCT-2014', 'MON-YYYY'), '035 United Rd', 'Pittsburgh', 'PA', '1234567035', 'BM035@gmail.com', '00005');
insert into Customer values ('00036', 'Mrs', 'Morarkder', 'Zorkzerarc', '0000000000000036', to_date('OCT-2008', 'MON-YYYY'), '036 United Rd', 'Pittsburgh', 'PA', '1234567036', 'MZ036@gmail.com', '00006');
insert into Customer values ('00037', 'Mr', 'Croarkder', 'Zurmirimed', '0000000000000037', to_date('OCT-2018', 'MON-YYYY'), '037 United Rd', 'Pittsburgh', 'PA', '1234567037', 'CZ037@gmail.com', '00002');
insert into Customer values ('00038', 'Mr', 'Mrokmeeed', 'Mormaracmed', '0000000000000038', to_date('AUG-2007', 'MON-YYYY'), '038 United Rd', 'Pittsburgh', 'PA', '1234567038', 'MM038@gmail.com', '00002');
insert into Customer values ('00039', 'Mr', 'Mrokairzur', 'Mjolsorder', '0000000000000039', to_date('FEB-2010', 'MON-YYYY'), '039 United Rd', 'Pittsburgh', 'PA', '1234567039', 'MM039@gmail.com', '00001');
insert into Customer values ('00040', 'Mr', 'Krarkmed', 'Reiarcark', '0000000000000040', to_date('JUN-2016', 'MON-YYYY'), '040 United Rd', 'Pittsburgh', 'PA', '1234567040', 'KR040@gmail.com', '00003');
insert into Customer values ('00041', 'Mrs', 'Zururaked', 'Marslamarcred', '0000000000000041', to_date('SEP-2001', 'MON-YYYY'), '041 United Rd', 'Pittsburgh', 'PA', '1234567041', 'ZM041@gmail.com', '00008');
insert into Customer values ('00042', 'Mrs', 'Mararcmur', 'Marmures', '0000000000000042', to_date('DEC-2001', 'MON-YYYY'), '042 United Rd', 'Pittsburgh', 'PA', '1234567042', 'MM042@gmail.com', '00004');
insert into Customer values ('00043', 'Mr', 'Azaksalmarer', 'Azurcloarc', '0000000000000043', to_date('JAN-2005', 'MON-YYYY'), '043 United Rd', 'Pittsburgh', 'PA', '1234567043', 'AA043@gmail.com', '00006');
insert into Customer values ('00044', 'Mrs', 'Zorkmeecred', 'Camaracer', '0000000000000044', to_date('MAY-2015', 'MON-YYYY'), '044 United Rd', 'Pittsburgh', 'PA', '1234567044', 'ZC044@gmail.com', '00005');
insert into Customer values ('00045', 'Mr', 'Zorkmaracmed', 'Zorkarkure', '0000000000000045', to_date('AUG-2007', 'MON-YYYY'), '045 United Rd', 'Pittsburgh', 'PA', '1234567045', 'ZZ045@gmail.com', '00000');
insert into Customer values ('00046', 'Mr', 'Mermeemur', 'Rayredmed', '0000000000000046', to_date('JUL-2009', 'MON-YYYY'), '046 United Rd', 'Pittsburgh', 'PA', '1234567046', 'MR046@gmail.com', '00000');
insert into Customer values ('00047', 'Mrs', 'Mjolmures', 'Mrokcrader', '0000000000000047', to_date('AUG-2005', 'MON-YYYY'), '047 United Rd', 'Pittsburgh', 'PA', '1234567047', 'MM047@gmail.com', '00008');
insert into Customer values ('00048', 'Mr', 'Creoarkark', 'Azurmiriure', '0000000000000048', to_date('FEB-2000', 'MON-YYYY'), '048 United Rd', 'Pittsburgh', 'PA', '1234567048', 'CA048@gmail.com', '00007');
insert into Customer values ('00049', 'Mrs', 'Zedcraarc', 'Cameemed', '0000000000000049', to_date('FEB-2008', 'MON-YYYY'), '049 United Rd', 'Pittsburgh', 'PA', '1234567049', 'ZC049@gmail.com', '00000');
insert into Customer values ('00050', 'Mrs', 'Lukclomur', 'Zorkzerder', '0000000000000050', to_date('JUL-2013', 'MON-YYYY'), '050 United Rd', 'Pittsburgh', 'PA', '1234567050', 'LZ050@gmail.com', '00005');
insert into Customer values ('00051', 'Mr', 'Zurmurcred', 'Cruarcarc', '0000000000000051', to_date('APR-2001', 'MON-YYYY'), '051 United Rd', 'Pittsburgh', 'PA', '1234567051', 'ZC051@gmail.com', '00008');
insert into Customer values ('00052', 'Mrs', 'Azakmeecred', 'Mrokmeees', '0000000000000052', to_date('JUN-2013', 'MON-YYYY'), '052 United Rd', 'Pittsburgh', 'PA', '1234567052', 'AM052@gmail.com', '00004');
insert into Customer values ('00053', 'Mrs', 'Croslamarmur', 'Bremizur', '0000000000000053', to_date('APR-2010', 'MON-YYYY'), '053 United Rd', 'Pittsburgh', 'PA', '1234567053', 'CB053@gmail.com', '00003');
insert into Customer values ('00054', 'Mr', 'Creomeees', 'Mrokmimed', '0000000000000054', to_date('APR-2003', 'MON-YYYY'), '054 United Rd', 'Pittsburgh', 'PA', '1234567054', 'CM054@gmail.com', '00009');
insert into Customer values ('00055', 'Mr', 'Morsalmartron', 'Cromeeure', '0000000000000055', to_date('APR-2001', 'MON-YYYY'), '055 United Rd', 'Pittsburgh', 'PA', '1234567055', 'MC055@gmail.com', '00006');
insert into Customer values ('00056', 'Mr', 'Reiurakcred', 'Jagsalmarure', '0000000000000056', to_date('MAY-2019', 'MON-YYYY'), '056 United Rd', 'Pittsburgh', 'PA', '1234567056', 'RJ056@gmail.com', '00005');
insert into Customer values ('00057', 'Mrs', 'Raaired', 'Madslamarark', '0000000000000057', to_date('OCT-2019', 'MON-YYYY'), '057 United Rd', 'Pittsburgh', 'PA', '1234567057', 'RM057@gmail.com', '00004');
insert into Customer values ('00058', 'Mrs', 'Drakzerarc', 'Jarirmed', '0000000000000058', to_date('AUG-2004', 'MON-YYYY'), '058 United Rd', 'Pittsburgh', 'PA', '1234567058', 'DJ058@gmail.com', '00003');
insert into Customer values ('00059', 'Mrs', 'Marzoirark', 'Azurmaractron', '0000000000000059', to_date('SEP-2019', 'MON-YYYY'), '059 United Rd', 'Pittsburgh', 'PA', '1234567059', 'MA059@gmail.com', '00005');
insert into Customer values ('00060', 'Mrs', 'Madcraark', 'Reicraes', '0000000000000060', to_date('AUG-2016', 'MON-YYYY'), '060 United Rd', 'Pittsburgh', 'PA', '1234567060', 'MR060@gmail.com', '00001');
insert into Customer values ('00061', 'Mrs', 'Jarmirimur', 'Zorksorcred', '0000000000000061', to_date('AUG-2009', 'MON-YYYY'), '061 United Rd', 'Pittsburgh', 'PA', '1234567061', 'JZ061@gmail.com', '00000');
insert into Customer values ('00062', 'Mr', 'Lukurakark', 'Reizerer', '0000000000000062', to_date('JAN-2014', 'MON-YYYY'), '062 United Rd', 'Pittsburgh', 'PA', '1234567062', 'LR062@gmail.com', '00005');
insert into Customer values ('00063', 'Mrs', 'Madcreszur', 'Madurakarc', '0000000000000063', to_date('DEC-2001', 'MON-YYYY'), '063 United Rd', 'Pittsburgh', 'PA', '1234567063', 'MM063@gmail.com', '00008');
insert into Customer values ('00064', 'Mrs', 'Caclomur', 'Rayirer', '0000000000000064', to_date('SEP-2017', 'MON-YYYY'), '064 United Rd', 'Pittsburgh', 'PA', '1234567064', 'CR064@gmail.com', '00007');
insert into Customer values ('00065', 'Mr', 'Raslamarmur', 'Zurairmur', '0000000000000065', to_date('NOV-2001', 'MON-YYYY'), '065 United Rd', 'Pittsburgh', 'PA', '1234567065', 'RZ065@gmail.com', '00003');
insert into Customer values ('00066', 'Mrs', 'Marlorider', 'Marredarc', '0000000000000066', to_date('AUG-2012', 'MON-YYYY'), '066 United Rd', 'Pittsburgh', 'PA', '1234567066', 'MM066@gmail.com', '00002');
insert into Customer values ('00067', 'Mr', 'Mararkd', 'Zurmaracarc', '0000000000000067', to_date('MAR-2000', 'MON-YYYY'), '067 United Rd', 'Pittsburgh', 'PA', '1234567067', 'MZ067@gmail.com', '00006');
insert into Customer values ('00068', 'Mr', 'Brearked', 'Mjolmurmed', '0000000000000068', to_date('NOV-2005', 'MON-YYYY'), '068 United Rd', 'Pittsburgh', 'PA', '1234567068', 'BM068@gmail.com', '00000');
insert into Customer values ('00069', 'Mr', 'Brezoirarc', 'Zedarkure', '0000000000000069', to_date('SEP-2002', 'MON-YYYY'), '069 United Rd', 'Pittsburgh', 'PA', '1234567069', 'BZ069@gmail.com', '00004');
insert into Customer values ('00070', 'Mr', 'Crocraer', 'Crycrestron', '0000000000000070', to_date('FEB-2006', 'MON-YYYY'), '070 United Rd', 'Pittsburgh', 'PA', '1234567070', 'CC070@gmail.com', '00009');
insert into Customer values ('00071', 'Mrs', 'Zursalmarure', 'Azurslamarcred', '0000000000000071', to_date('JUN-2004', 'MON-YYYY'), '071 United Rd', 'Pittsburgh', 'PA', '1234567071', 'ZA071@gmail.com', '00009');
insert into Customer values ('00072', 'Mr', 'Caredtron', 'Crymizur', '0000000000000072', to_date('AUG-2003', 'MON-YYYY'), '072 United Rd', 'Pittsburgh', 'PA', '1234567072', 'CC072@gmail.com', '00003');
insert into Customer values ('00073', 'Mr', 'Reiclozur', 'Reiairure', '0000000000000073', to_date('OCT-2017', 'MON-YYYY'), '073 United Rd', 'Pittsburgh', 'PA', '1234567073', 'RR073@gmail.com', '00001');
insert into Customer values ('00074', 'Mr', 'Casorarc', 'Mormaracmur', '0000000000000074', to_date('OCT-2002', 'MON-YYYY'), '074 United Rd', 'Pittsburgh', 'PA', '1234567074', 'CM074@gmail.com', '00004');
insert into Customer values ('00075', 'Mr', 'Madslamartron', 'Raurakzur', '0000000000000075', to_date('OCT-2007', 'MON-YYYY'), '075 United Rd', 'Pittsburgh', 'PA', '1234567075', 'MR075@gmail.com', '00002');
insert into Customer values ('00076', 'Mrs', 'Zorkarkzur', 'Jagmaraczur', '0000000000000076', to_date('APR-2019', 'MON-YYYY'), '076 United Rd', 'Pittsburgh', 'PA', '1234567076', 'ZJ076@gmail.com', '00002');
insert into Customer values ('00077', 'Mrs', 'Zururakder', 'Reimier', '0000000000000077', to_date('SEP-2016', 'MON-YYYY'), '077 United Rd', 'Pittsburgh', 'PA', '1234567077', 'ZR077@gmail.com', '00002');
insert into Customer values ('00078', 'Mr', 'Morslamartron', 'Caairmed', '0000000000000078', to_date('FEB-2009', 'MON-YYYY'), '078 United Rd', 'Pittsburgh', 'PA', '1234567078', 'MC078@gmail.com', '00001');
insert into Customer values ('00079', 'Mr', 'Mjolredark', 'Bremaracure', '0000000000000079', to_date('AUG-2005', 'MON-YYYY'), '079 United Rd', 'Pittsburgh', 'PA', '1234567079', 'MB079@gmail.com', '00004');
insert into Customer values ('00080', 'Mrs', 'Lukcresd', 'Crumiriure', '0000000000000080', to_date('JUN-2014', 'MON-YYYY'), '080 United Rd', 'Pittsburgh', 'PA', '1234567080', 'LC080@gmail.com', '00005');
insert into Customer values ('00081', 'Mr', 'Caarcer', 'Creozerzur', '0000000000000081', to_date('MAR-2001', 'MON-YYYY'), '081 United Rd', 'Pittsburgh', 'PA', '1234567081', 'CC081@gmail.com', '00000');
insert into Customer values ('00082', 'Mrs', 'Cromurtron', 'Crumies', '0000000000000082', to_date('MAR-2017', 'MON-YYYY'), '082 United Rd', 'Pittsburgh', 'PA', '1234567082', 'CC082@gmail.com', '00002');
insert into Customer values ('00083', 'Mrs', 'Creoarkes', 'Azurmeearc', '0000000000000083', to_date('NOV-2006', 'MON-YYYY'), '083 United Rd', 'Pittsburgh', 'PA', '1234567083', 'CA083@gmail.com', '00008');
insert into Customer values ('00084', 'Mr', 'Jagmured', 'Zorksorder', '0000000000000084', to_date('FEB-2019', 'MON-YYYY'), '084 United Rd', 'Pittsburgh', 'PA', '1234567084', 'JZ084@gmail.com', '00004');
insert into Customer values ('00085', 'Mrs', 'Raairure', 'Krredd', '0000000000000085', to_date('NOV-2002', 'MON-YYYY'), '085 United Rd', 'Pittsburgh', 'PA', '1234567085', 'RK085@gmail.com', '00002');
insert into Customer values ('00086', 'Mr', 'Crymiark', 'Moraires', '0000000000000086', to_date('NOV-2009', 'MON-YYYY'), '086 United Rd', 'Pittsburgh', 'PA', '1234567086', 'CM086@gmail.com', '00006');
insert into Customer values ('00087', 'Mr', 'Mjolclod', 'Lukmeearc', '0000000000000087', to_date('JUL-2005', 'MON-YYYY'), '087 United Rd', 'Pittsburgh', 'PA', '1234567087', 'ML087@gmail.com', '00003');
insert into Customer values ('00088', 'Mr', 'Krarkcred', 'Lukcraed', '0000000000000088', to_date('JUL-2011', 'MON-YYYY'), '088 United Rd', 'Pittsburgh', 'PA', '1234567088', 'KL088@gmail.com', '00007');
insert into Customer values ('00089', 'Mr', 'Brelories', 'Croairtron', '0000000000000089', to_date('APR-2014', 'MON-YYYY'), '089 United Rd', 'Pittsburgh', 'PA', '1234567089', 'BC089@gmail.com', '00008');
insert into Customer values ('00090', 'Mr', 'Zorkmied', 'Zururakd', '0000000000000090', to_date('JUN-2010', 'MON-YYYY'), '090 United Rd', 'Pittsburgh', 'PA', '1234567090', 'ZZ090@gmail.com', '00008');
insert into Customer values ('00091', 'Mrs', 'Cruloried', 'Jarcloder', '0000000000000091', to_date('JUN-2019', 'MON-YYYY'), '091 United Rd', 'Pittsburgh', 'PA', '1234567091', 'CJ091@gmail.com', '00000');
insert into Customer values ('00092', 'Mrs', 'Jarurakder', 'Merzered', '0000000000000092', to_date('MAR-2012', 'MON-YYYY'), '092 United Rd', 'Pittsburgh', 'PA', '1234567092', 'JM092@gmail.com', '00000');
insert into Customer values ('00093', 'Mrs', 'Lukarkarc', 'Crumaracder', '0000000000000093', to_date('NOV-2012', 'MON-YYYY'), '093 United Rd', 'Pittsburgh', 'PA', '1234567093', 'LC093@gmail.com', '00001');
insert into Customer values ('00094', 'Mr', 'Madarctron', 'Creomiriarc', '0000000000000094', to_date('SEP-2010', 'MON-YYYY'), '094 United Rd', 'Pittsburgh', 'PA', '1234567094', 'MC094@gmail.com', '00000');
insert into Customer values ('00095', 'Mr', 'Zedsorzur', 'Cruairtron', '0000000000000095', to_date('FEB-2002', 'MON-YYYY'), '095 United Rd', 'Pittsburgh', 'PA', '1234567095', 'ZC095@gmail.com', '00007');
insert into Customer values ('00096', 'Mr', 'Merarced', 'Azaksalmartron', '0000000000000096', to_date('FEB-2013', 'MON-YYYY'), '096 United Rd', 'Pittsburgh', 'PA', '1234567096', 'MA096@gmail.com', '00008');
insert into Customer values ('00097', 'Mr', 'Reisorure', 'Azurlorimur', '0000000000000097', to_date('JUL-2011', 'MON-YYYY'), '097 United Rd', 'Pittsburgh', 'PA', '1234567097', 'RA097@gmail.com', '00006');
insert into Customer values ('00098', 'Mrs', 'Zedarcd', 'Zorkmiritron', '0000000000000098', to_date('JUL-2000', 'MON-YYYY'), '098 United Rd', 'Pittsburgh', 'PA', '1234567098', 'ZZ098@gmail.com', '00000');
insert into Customer values ('00099', 'Mrs', 'Morsalmarzur', 'Cromured', '0000000000000099', to_date('DEC-2019', 'MON-YYYY'), '099 United Rd', 'Pittsburgh', 'PA', '1234567099', 'MC099@gmail.com', '00008');
insert into Customer values ('00100', 'Mr', 'Jagzerure', 'Merzeres', '0000000000000100', to_date('AUG-2000', 'MON-YYYY'), '100 United Rd', 'Pittsburgh', 'PA', '1234567100', 'JM100@gmail.com', '00008');
insert into Customer values ('00101', 'Mr', 'Brearcure', 'Madmied', '0000000000000101', to_date('OCT-2013', 'MON-YYYY'), '101 United Rd', 'Pittsburgh', 'PA', '1234567101', 'BM101@gmail.com', '00009');
insert into Customer values ('00102', 'Mr', 'Reislamartron', 'Krmeees', '0000000000000102', to_date('SEP-2006', 'MON-YYYY'), '102 United Rd', 'Pittsburgh', 'PA', '1234567102', 'RK102@gmail.com', '00001');
insert into Customer values ('00103', 'Mr', 'Krsalmarmur', 'Ramiark', '0000000000000103', to_date('MAY-2005', 'MON-YYYY'), '103 United Rd', 'Pittsburgh', 'PA', '1234567103', 'KR103@gmail.com', '00002');
insert into Customer values ('00104', 'Mrs', 'Draksalmared', 'Jarcloer', '0000000000000104', to_date('MAY-2004', 'MON-YYYY'), '104 United Rd', 'Pittsburgh', 'PA', '1234567104', 'DJ104@gmail.com', '00005');
insert into Customer values ('00105', 'Mrs', 'Mermeeed', 'Mermeees', '0000000000000105', to_date('DEC-2004', 'MON-YYYY'), '105 United Rd', 'Pittsburgh', 'PA', '1234567105', 'MM105@gmail.com', '00003');
insert into Customer values ('00106', 'Mr', 'Mjolarcure', 'Mormirid', '0000000000000106', to_date('MAR-2001', 'MON-YYYY'), '106 United Rd', 'Pittsburgh', 'PA', '1234567106', 'MM106@gmail.com', '00004');
insert into Customer values ('00107', 'Mrs', 'Zedmeees', 'Creomeeark', '0000000000000107', to_date('JUN-2004', 'MON-YYYY'), '107 United Rd', 'Pittsburgh', 'PA', '1234567107', 'ZC107@gmail.com', '00002');
insert into Customer values ('00108', 'Mrs', 'Lukarcer', 'Cameeer', '0000000000000108', to_date('MAY-2014', 'MON-YYYY'), '108 United Rd', 'Pittsburgh', 'PA', '1234567108', 'LC108@gmail.com', '00005');
insert into Customer values ('00109', 'Mr', 'Morarkure', 'Merarcmur', '0000000000000109', to_date('JUN-2008', 'MON-YYYY'), '109 United Rd', 'Pittsburgh', 'PA', '1234567109', 'MM109@gmail.com', '00006');
insert into Customer values ('00110', 'Mrs', 'Raymiried', 'Mersalmared', '0000000000000110', to_date('OCT-2015', 'MON-YYYY'), '110 United Rd', 'Pittsburgh', 'PA', '1234567110', 'RM110@gmail.com', '00005');
insert into Customer values ('00111', 'Mrs', 'Cruzerark', 'Mersalmarder', '0000000000000111', to_date('SEP-2001', 'MON-YYYY'), '111 United Rd', 'Pittsburgh', 'PA', '1234567111', 'CM111@gmail.com', '00007');
insert into Customer values ('00112', 'Mrs', 'Zorkuraker', 'Crycloer', '0000000000000112', to_date('DEC-2014', 'MON-YYYY'), '112 United Rd', 'Pittsburgh', 'PA', '1234567112', 'ZC112@gmail.com', '00001');
insert into Customer values ('00113', 'Mrs', 'Breurakmed', 'Cazered', '0000000000000113', to_date('SEP-2018', 'MON-YYYY'), '113 United Rd', 'Pittsburgh', 'PA', '1234567113', 'BC113@gmail.com', '00001');
insert into Customer values ('00114', 'Mr', 'Azurarctron', 'Mrokmurcred', '0000000000000114', to_date('AUG-2007', 'MON-YYYY'), '114 United Rd', 'Pittsburgh', 'PA', '1234567114', 'AM114@gmail.com', '00000');
insert into Customer values ('00115', 'Mrs', 'Lukslamared', 'Crumirimed', '0000000000000115', to_date('SEP-2008', 'MON-YYYY'), '115 United Rd', 'Pittsburgh', 'PA', '1234567115', 'LC115@gmail.com', '00006');
insert into Customer values ('00116', 'Mr', 'Mrokarker', 'Draksorure', '0000000000000116', to_date('AUG-2018', 'MON-YYYY'), '116 United Rd', 'Pittsburgh', 'PA', '1234567116', 'MD116@gmail.com', '00001');
insert into Customer values ('00117', 'Mr', 'Krurakarc', 'Drakarker', '0000000000000117', to_date('APR-2019', 'MON-YYYY'), '117 United Rd', 'Pittsburgh', 'PA', '1234567117', 'KD117@gmail.com', '00004');
insert into Customer values ('00118', 'Mrs', 'Zedzoirer', 'Zedsalmarer', '0000000000000118', to_date('SEP-2008', 'MON-YYYY'), '118 United Rd', 'Pittsburgh', 'PA', '1234567118', 'ZZ118@gmail.com', '00008');
insert into Customer values ('00119', 'Mr', 'Crolorimed', 'Rasormur', '0000000000000119', to_date('MAR-2017', 'MON-YYYY'), '119 United Rd', 'Pittsburgh', 'PA', '1234567119', 'CR119@gmail.com', '00002');
insert into Customer values ('00120', 'Mr', 'Rasorder', 'Madloriarc', '0000000000000120', to_date('DEC-2000', 'MON-YYYY'), '120 United Rd', 'Pittsburgh', 'PA', '1234567120', 'RM120@gmail.com', '00005');
insert into Customer values ('00121', 'Mr', 'Madzeres', 'Azurslamarmur', '0000000000000121', to_date('OCT-2010', 'MON-YYYY'), '121 United Rd', 'Pittsburgh', 'PA', '1234567121', 'MA121@gmail.com', '00006');
insert into Customer values ('00122', 'Mr', 'Marsalmarark', 'Madmimed', '0000000000000122', to_date('DEC-2009', 'MON-YYYY'), '122 United Rd', 'Pittsburgh', 'PA', '1234567122', 'MM122@gmail.com', '00000');
insert into Customer values ('00123', 'Mrs', 'Jagarcer', 'Draksalmares', '0000000000000123', to_date('JUN-2006', 'MON-YYYY'), '123 United Rd', 'Pittsburgh', 'PA', '1234567123', 'JD123@gmail.com', '00008');
insert into Customer values ('00124', 'Mr', 'Merirark', 'Morurakure', '0000000000000124', to_date('NOV-2010', 'MON-YYYY'), '124 United Rd', 'Pittsburgh', 'PA', '1234567124', 'MM124@gmail.com', '00004');
insert into Customer values ('00125', 'Mr', 'Crocraarc', 'Reislamartron', '0000000000000125', to_date('OCT-2003', 'MON-YYYY'), '125 United Rd', 'Pittsburgh', 'PA', '1234567125', 'CR125@gmail.com', '00004');
insert into Customer values ('00126', 'Mrs', 'Marslamarder', 'Morcrader', '0000000000000126', to_date('AUG-2004', 'MON-YYYY'), '126 United Rd', 'Pittsburgh', 'PA', '1234567126', 'MM126@gmail.com', '00004');
insert into Customer values ('00127', 'Mrs', 'Mjolairmur', 'Zurired', '0000000000000127', to_date('AUG-2015', 'MON-YYYY'), '127 United Rd', 'Pittsburgh', 'PA', '1234567127', 'MZ127@gmail.com', '00004');
insert into Customer values ('00128', 'Mr', 'Drakmiark', 'Azurslamarer', '0000000000000128', to_date('SEP-2014', 'MON-YYYY'), '128 United Rd', 'Pittsburgh', 'PA', '1234567128', 'DA128@gmail.com', '00003');
insert into Customer values ('00129', 'Mrs', 'Reislamarzur', 'Mjolcramur', '0000000000000129', to_date('NOV-2012', 'MON-YYYY'), '129 United Rd', 'Pittsburgh', 'PA', '1234567129', 'RM129@gmail.com', '00008');
insert into Customer values ('00130', 'Mrs', 'Zorkzerark', 'Camurzur', '0000000000000130', to_date('AUG-2010', 'MON-YYYY'), '130 United Rd', 'Pittsburgh', 'PA', '1234567130', 'ZC130@gmail.com', '00000');
insert into Customer values ('00131', 'Mrs', 'Mjolmirier', 'Merlorimur', '0000000000000131', to_date('AUG-2011', 'MON-YYYY'), '131 United Rd', 'Pittsburgh', 'PA', '1234567131', 'MM131@gmail.com', '00006');
insert into Customer values ('00132', 'Mrs', 'Lukzerzur', 'Breslamarzur', '0000000000000132', to_date('JAN-2015', 'MON-YYYY'), '132 United Rd', 'Pittsburgh', 'PA', '1234567132', 'LB132@gmail.com', '00005');
insert into Customer values ('00133', 'Mr', 'Morredure', 'Zorksalmarcred', '0000000000000133', to_date('JAN-2002', 'MON-YYYY'), '133 United Rd', 'Pittsburgh', 'PA', '1234567133', 'MZ133@gmail.com', '00006');
insert into Customer values ('00134', 'Mrs', 'Moruraked', 'Reicresder', '0000000000000134', to_date('SEP-2011', 'MON-YYYY'), '134 United Rd', 'Pittsburgh', 'PA', '1234567134', 'MR134@gmail.com', '00008');
insert into Customer values ('00135', 'Mr', 'Mararccred', 'Ramid', '0000000000000135', to_date('JUL-2008', 'MON-YYYY'), '135 United Rd', 'Pittsburgh', 'PA', '1234567135', 'MR135@gmail.com', '00008');
insert into Customer values ('00136', 'Mr', 'Madurakes', 'Azurmied', '0000000000000136', to_date('NOV-2016', 'MON-YYYY'), '136 United Rd', 'Pittsburgh', 'PA', '1234567136', 'MA136@gmail.com', '00000');
insert into Customer values ('00137', 'Mrs', 'Drakmeecred', 'Croires', '0000000000000137', to_date('DEC-2015', 'MON-YYYY'), '137 United Rd', 'Pittsburgh', 'PA', '1234567137', 'DC137@gmail.com', '00007');
insert into Customer values ('00138', 'Mrs', 'Drakzertron', 'Jarmeearc', '0000000000000138', to_date('MAY-2011', 'MON-YYYY'), '138 United Rd', 'Pittsburgh', 'PA', '1234567138', 'DJ138@gmail.com', '00002');
insert into Customer values ('00139', 'Mrs', 'Azakcloark', 'Mjolarcmur', '0000000000000139', to_date('JAN-2012', 'MON-YYYY'), '139 United Rd', 'Pittsburgh', 'PA', '1234567139', 'AM139@gmail.com', '00007');
insert into Customer values ('00140', 'Mr', 'Cameeed', 'Drakcresark', '0000000000000140', to_date('JUL-2016', 'MON-YYYY'), '140 United Rd', 'Pittsburgh', 'PA', '1234567140', 'CD140@gmail.com', '00004');
insert into Customer values ('00141', 'Mrs', 'Azakmirimur', 'Madirer', '0000000000000141', to_date('JAN-2008', 'MON-YYYY'), '141 United Rd', 'Pittsburgh', 'PA', '1234567141', 'AM141@gmail.com', '00001');
insert into Customer values ('00142', 'Mr', 'Morsormur', 'Crocresark', '0000000000000142', to_date('MAR-2015', 'MON-YYYY'), '142 United Rd', 'Pittsburgh', 'PA', '1234567142', 'MC142@gmail.com', '00008');
insert into Customer values ('00143', 'Mrs', 'Mjolcloed', 'Cryarkmed', '0000000000000143', to_date('APR-2002', 'MON-YYYY'), '143 United Rd', 'Pittsburgh', 'PA', '1234567143', 'MC143@gmail.com', '00006');
insert into Customer values ('00144', 'Mr', 'Cacramed', 'Jarslamarmur', '0000000000000144', to_date('JAN-2011', 'MON-YYYY'), '144 United Rd', 'Pittsburgh', 'PA', '1234567144', 'CJ144@gmail.com', '00003');
insert into Customer values ('00145', 'Mrs', 'Creomider', 'Raredd', '0000000000000145', to_date('AUG-2008', 'MON-YYYY'), '145 United Rd', 'Pittsburgh', 'PA', '1234567145', 'CR145@gmail.com', '00005');
insert into Customer values ('00146', 'Mrs', 'Drakairmed', 'Merslamard', '0000000000000146', to_date('MAR-2019', 'MON-YYYY'), '146 United Rd', 'Pittsburgh', 'PA', '1234567146', 'DM146@gmail.com', '00009');
insert into Customer values ('00147', 'Mr', 'Azurarcure', 'Creoarkder', '0000000000000147', to_date('JUN-2017', 'MON-YYYY'), '147 United Rd', 'Pittsburgh', 'PA', '1234567147', 'AC147@gmail.com', '00009');
insert into Customer values ('00148', 'Mrs', 'Marcresark', 'Drakirure', '0000000000000148', to_date('APR-2019', 'MON-YYYY'), '148 United Rd', 'Pittsburgh', 'PA', '1234567148', 'MD148@gmail.com', '00009');
insert into Customer values ('00149', 'Mr', 'Azurmiries', 'Jagredd', '0000000000000149', to_date('FEB-2003', 'MON-YYYY'), '149 United Rd', 'Pittsburgh', 'PA', '1234567149', 'AJ149@gmail.com', '00004');
insert into Customer values ('00150', 'Mrs', 'Mjolarcder', 'Jarmurark', '0000000000000150', to_date('FEB-2008', 'MON-YYYY'), '150 United Rd', 'Pittsburgh', 'PA', '1234567150', 'MJ150@gmail.com', '00007');
insert into Customer values ('00151', 'Mrs', 'Azurmeezur', 'Zedcresark', '0000000000000151', to_date('JUN-2001', 'MON-YYYY'), '151 United Rd', 'Pittsburgh', 'PA', '1234567151', 'AZ151@gmail.com', '00000');
insert into Customer values ('00152', 'Mr', 'Zurloricred', 'Mararcmed', '0000000000000152', to_date('OCT-2010', 'MON-YYYY'), '152 United Rd', 'Pittsburgh', 'PA', '1234567152', 'ZM152@gmail.com', '00006');
insert into Customer values ('00153', 'Mrs', 'Merreder', 'Ramiriark', '0000000000000153', to_date('OCT-2012', 'MON-YYYY'), '153 United Rd', 'Pittsburgh', 'PA', '1234567153', 'MR153@gmail.com', '00000');
insert into Customer values ('00154', 'Mrs', 'Creoslamarmed', 'Zurslamarzur', '0000000000000154', to_date('JUL-2003', 'MON-YYYY'), '154 United Rd', 'Pittsburgh', 'PA', '1234567154', 'CZ154@gmail.com', '00000');
insert into Customer values ('00155', 'Mr', 'Cryarcer', 'Draksalmarer', '0000000000000155', to_date('AUG-2006', 'MON-YYYY'), '155 United Rd', 'Pittsburgh', 'PA', '1234567155', 'CD155@gmail.com', '00005');
insert into Customer values ('00156', 'Mr', 'Cromurtron', 'Crucloder', '0000000000000156', to_date('FEB-2014', 'MON-YYYY'), '156 United Rd', 'Pittsburgh', 'PA', '1234567156', 'CC156@gmail.com', '00005');
insert into Customer values ('00157', 'Mr', 'Jagloricred', 'Lukmeeark', '0000000000000157', to_date('DEC-2000', 'MON-YYYY'), '157 United Rd', 'Pittsburgh', 'PA', '1234567157', 'JL157@gmail.com', '00001');
insert into Customer values ('00158', 'Mrs', 'Rasalmarmed', 'Zedcratron', '0000000000000158', to_date('APR-2009', 'MON-YYYY'), '158 United Rd', 'Pittsburgh', 'PA', '1234567158', 'RZ158@gmail.com', '00008');
insert into Customer values ('00159', 'Mrs', 'Marmeeed', 'Zurairure', '0000000000000159', to_date('JUL-2003', 'MON-YYYY'), '159 United Rd', 'Pittsburgh', 'PA', '1234567159', 'MZ159@gmail.com', '00001');
insert into Customer values ('00160', 'Mr', 'Cryclomed', 'Ramaracark', '0000000000000160', to_date('DEC-2000', 'MON-YYYY'), '160 United Rd', 'Pittsburgh', 'PA', '1234567160', 'CR160@gmail.com', '00001');
insert into Customer values ('00161', 'Mrs', 'Cruslamararc', 'Raaired', '0000000000000161', to_date('SEP-2005', 'MON-YYYY'), '161 United Rd', 'Pittsburgh', 'PA', '1234567161', 'CR161@gmail.com', '00003');
insert into Customer values ('00162', 'Mr', 'Mersorure', 'Lukirark', '0000000000000162', to_date('OCT-2008', 'MON-YYYY'), '162 United Rd', 'Pittsburgh', 'PA', '1234567162', 'ML162@gmail.com', '00009');
insert into Customer values ('00163', 'Mr', 'Zorkirmur', 'Drakmeed', '0000000000000163', to_date('JUN-2003', 'MON-YYYY'), '163 United Rd', 'Pittsburgh', 'PA', '1234567163', 'ZD163@gmail.com', '00001');
insert into Customer values ('00164', 'Mrs', 'Crulories', 'Bresores', '0000000000000164', to_date('MAR-2008', 'MON-YYYY'), '164 United Rd', 'Pittsburgh', 'PA', '1234567164', 'CB164@gmail.com', '00007');
insert into Customer values ('00165', 'Mrs', 'Brezoirmur', 'Moruraker', '0000000000000165', to_date('NOV-2006', 'MON-YYYY'), '165 United Rd', 'Pittsburgh', 'PA', '1234567165', 'BM165@gmail.com', '00000');
insert into Customer values ('00166', 'Mrs', 'Mermeearc', 'Drakirmed', '0000000000000166', to_date('JUL-2019', 'MON-YYYY'), '166 United Rd', 'Pittsburgh', 'PA', '1234567166', 'MD166@gmail.com', '00008');
insert into Customer values ('00167', 'Mr', 'Azurcrader', 'Jagredzur', '0000000000000167', to_date('JUN-2013', 'MON-YYYY'), '167 United Rd', 'Pittsburgh', 'PA', '1234567167', 'AJ167@gmail.com', '00000');
insert into Customer values ('00168', 'Mr', 'Ramaraccred', 'Azakslamares', '0000000000000168', to_date('JUL-2016', 'MON-YYYY'), '168 United Rd', 'Pittsburgh', 'PA', '1234567168', 'RA168@gmail.com', '00006');
insert into Customer values ('00169', 'Mrs', 'Cryarkmur', 'Zorkcreser', '0000000000000169', to_date('JUN-2011', 'MON-YYYY'), '169 United Rd', 'Pittsburgh', 'PA', '1234567169', 'CZ169@gmail.com', '00007');
insert into Customer values ('00170', 'Mrs', 'Ramaracmur', 'Zorkurakark', '0000000000000170', to_date('JUN-2005', 'MON-YYYY'), '170 United Rd', 'Pittsburgh', 'PA', '1234567170', 'RZ170@gmail.com', '00008');
insert into Customer values ('00171', 'Mrs', 'Madmurmed', 'Azakarkcred', '0000000000000171', to_date('MAR-2016', 'MON-YYYY'), '171 United Rd', 'Pittsburgh', 'PA', '1234567171', 'MA171@gmail.com', '00008');
insert into Customer values ('00172', 'Mrs', 'Azurmurd', 'Marmid', '0000000000000172', to_date('APR-2018', 'MON-YYYY'), '172 United Rd', 'Pittsburgh', 'PA', '1234567172', 'AM172@gmail.com', '00009');
insert into Customer values ('00173', 'Mr', 'Croaird', 'Jagsalmarure', '0000000000000173', to_date('NOV-2011', 'MON-YYYY'), '173 United Rd', 'Pittsburgh', 'PA', '1234567173', 'CJ173@gmail.com', '00002');
insert into Customer values ('00174', 'Mrs', 'Mroksorer', 'Mrokurakure', '0000000000000174', to_date('NOV-2012', 'MON-YYYY'), '174 United Rd', 'Pittsburgh', 'PA', '1234567174', 'MM174@gmail.com', '00005');
insert into Customer values ('00175', 'Mrs', 'Cryredder', 'Creocloed', '0000000000000175', to_date('MAY-2007', 'MON-YYYY'), '175 United Rd', 'Pittsburgh', 'PA', '1234567175', 'CC175@gmail.com', '00008');
insert into Customer values ('00176', 'Mr', 'Krairmed', 'Bremaraczur', '0000000000000176', to_date('OCT-2018', 'MON-YYYY'), '176 United Rd', 'Pittsburgh', 'PA', '1234567176', 'KB176@gmail.com', '00001');
insert into Customer values ('00177', 'Mr', 'Jarslamared', 'Cryairzur', '0000000000000177', to_date('JAN-2011', 'MON-YYYY'), '177 United Rd', 'Pittsburgh', 'PA', '1234567177', 'JC177@gmail.com', '00006');
insert into Customer values ('00178', 'Mrs', 'Draksorarc', 'Marslamarzur', '0000000000000178', to_date('OCT-2013', 'MON-YYYY'), '178 United Rd', 'Pittsburgh', 'PA', '1234567178', 'DM178@gmail.com', '00003');
insert into Customer values ('00179', 'Mr', 'Zursorure', 'Jagairark', '0000000000000179', to_date('NOV-2019', 'MON-YYYY'), '179 United Rd', 'Pittsburgh', 'PA', '1234567179', 'ZJ179@gmail.com', '00006');
insert into Customer values ('00180', 'Mrs', 'Drakmirid', 'Zedzerd', '0000000000000180', to_date('JUN-2012', 'MON-YYYY'), '180 United Rd', 'Pittsburgh', 'PA', '1234567180', 'DZ180@gmail.com', '00007');
insert into Customer values ('00181', 'Mr', 'Zedmirimed', 'Zurslamares', '0000000000000181', to_date('JUL-2012', 'MON-YYYY'), '181 United Rd', 'Pittsburgh', 'PA', '1234567181', 'ZZ181@gmail.com', '00002');
insert into Customer values ('00182', 'Mrs', 'Mjolmirid', 'Bremaracark', '0000000000000182', to_date('AUG-2004', 'MON-YYYY'), '182 United Rd', 'Pittsburgh', 'PA', '1234567182', 'MB182@gmail.com', '00000');
insert into Customer values ('00183', 'Mr', 'Raysorure', 'Reimurzur', '0000000000000183', to_date('JAN-2017', 'MON-YYYY'), '183 United Rd', 'Pittsburgh', 'PA', '1234567183', 'RR183@gmail.com', '00003');
insert into Customer values ('00184', 'Mrs', 'Raymurarc', 'Camurmed', '0000000000000184', to_date('JAN-2012', 'MON-YYYY'), '184 United Rd', 'Pittsburgh', 'PA', '1234567184', 'RC184@gmail.com', '00004');
insert into Customer values ('00185', 'Mrs', 'Brelories', 'Jarslamarcred', '0000000000000185', to_date('JUL-2001', 'MON-YYYY'), '185 United Rd', 'Pittsburgh', 'PA', '1234567185', 'BJ185@gmail.com', '00005');
insert into Customer values ('00186', 'Mr', 'Madcreses', 'Creocreszur', '0000000000000186', to_date('MAR-2019', 'MON-YYYY'), '186 United Rd', 'Pittsburgh', 'PA', '1234567186', 'MC186@gmail.com', '00006');
insert into Customer values ('00187', 'Mr', 'Madarkmed', 'Drakarcer', '0000000000000187', to_date('AUG-2007', 'MON-YYYY'), '187 United Rd', 'Pittsburgh', 'PA', '1234567187', 'MD187@gmail.com', '00009');
insert into Customer values ('00188', 'Mr', 'Ralorimur', 'Reisorder', '0000000000000188', to_date('JUN-2014', 'MON-YYYY'), '188 United Rd', 'Pittsburgh', 'PA', '1234567188', 'RR188@gmail.com', '00005');
insert into Customer values ('00189', 'Mr', 'Zorkairder', 'Marsormed', '0000000000000189', to_date('NOV-2002', 'MON-YYYY'), '189 United Rd', 'Pittsburgh', 'PA', '1234567189', 'ZM189@gmail.com', '00006');
insert into Customer values ('00190', 'Mrs', 'Cruzerarc', 'Drakzoirzur', '0000000000000190', to_date('AUG-2010', 'MON-YYYY'), '190 United Rd', 'Pittsburgh', 'PA', '1234567190', 'CD190@gmail.com', '00009');
insert into Customer values ('00191', 'Mrs', 'Cromaraccred', 'Madloriarc', '0000000000000191', to_date('MAY-2007', 'MON-YYYY'), '191 United Rd', 'Pittsburgh', 'PA', '1234567191', 'CM191@gmail.com', '00006');
insert into Customer values ('00192', 'Mr', 'Reiarctron', 'Jarzerder', '0000000000000192', to_date('AUG-2002', 'MON-YYYY'), '192 United Rd', 'Pittsburgh', 'PA', '1234567192', 'RJ192@gmail.com', '00008');
insert into Customer values ('00193', 'Mrs', 'Rayaires', 'Mroksalmarcred', '0000000000000193', to_date('NOV-2017', 'MON-YYYY'), '193 United Rd', 'Pittsburgh', 'PA', '1234567193', 'RM193@gmail.com', '00007');
insert into Customer values ('00194', 'Mr', 'Lukzoires', 'Mjolired', '0000000000000194', to_date('NOV-2013', 'MON-YYYY'), '194 United Rd', 'Pittsburgh', 'PA', '1234567194', 'LM194@gmail.com', '00009');
insert into Customer values ('00195', 'Mrs', 'Casored', 'Zedcresark', '0000000000000195', to_date('JAN-2004', 'MON-YYYY'), '195 United Rd', 'Pittsburgh', 'PA', '1234567195', 'CZ195@gmail.com', '00005');
insert into Customer values ('00196', 'Mr', 'Mjolzerure', 'Cromirid', '0000000000000196', to_date('AUG-2011', 'MON-YYYY'), '196 United Rd', 'Pittsburgh', 'PA', '1234567196', 'MC196@gmail.com', '00006');
insert into Customer values ('00197', 'Mr', 'Jarredure', 'Mormurmur', '0000000000000197', to_date('MAY-2006', 'MON-YYYY'), '197 United Rd', 'Pittsburgh', 'PA', '1234567197', 'JM197@gmail.com', '00005');
insert into Customer values ('00198', 'Mrs', 'Zurirzur', 'Mrokarccred', '0000000000000198', to_date('JAN-2006', 'MON-YYYY'), '198 United Rd', 'Pittsburgh', 'PA', '1234567198', 'ZM198@gmail.com', '00000');
insert into Customer values ('00199', 'Mr', 'Drakmaractron', 'Marzoirtron', '0000000000000199', to_date('DEC-2005', 'MON-YYYY'), '199 United Rd', 'Pittsburgh', 'PA', '1234567199', 'DM199@gmail.com', '00004');

insert into Airline values ('00000', 'Alaska Airlines', 'AKA', 1932);
insert into Airline values ('00001', 'United Airlines', 'UAL', 1931);
insert into Airline values ('00002', 'All Nippon Airways', 'ANA', 1952);
insert into Airline values ('00003', 'Delta Air Lines', 'DAL', 1924);
insert into Airline values ('00004', 'Jet Blue', 'JBA', 1998);
insert into Airline values ('00005', 'American Airlines', 'AAL', 1930);
insert into Airline values ('00006', 'Frontier Airlines', 'FAL', 1994);
insert into Airline values ('00007', 'Southwest Airlines', 'SWA', 1967);
insert into Airline values ('00008', 'Virgin Airlines', 'VAL', 1984);
insert into Airline values ('00009', 'Spirit Airlines', 'SAL', 1980);

insert into Plane values('B747', 'Airbus', 400, to_date('10/01/2011', 'MM/DD/YYYY'), 2001, '00000');
insert into Plane values('A320', 'Airbus', 155, to_date('10/01/2011', 'MM/DD/YYYY'), 2001, '00000');
insert into Plane values('E145', 'Emraer', 50, to_date('06/15/2010', 'MM/DD/YYYY'), 2008, '00000');
insert into Plane values('B737', 'Boeing', 125, to_date('02/04/2007', 'MM/DD/YYYY'), 2002, '00000');
insert into Plane values('A350', 'Airbus', 150, to_date('10/10/2008', 'MM/DD/YYYY'), 2000, '00000');

insert into Plane values('B747', 'Airbus', 400, to_date('10/01/2011', 'MM/DD/YYYY'), 2001, '00001');
insert into Plane values('A320', 'Airbus', 155, to_date('10/01/2011', 'MM/DD/YYYY'), 2001, '00001');
insert into Plane values('E145', 'Emraer', 50, to_date('06/15/2010', 'MM/DD/YYYY'), 2008, '000001');
insert into Plane values('B737', 'Boeing', 125, to_date('02/04/2007', 'MM/DD/YYYY'), 2002, '00001');
insert into Plane values('A350', 'Airbus', 150, to_date('10/10/2008', 'MM/DD/YYYY'), 2000, '00001');

insert into Plane values('B747', 'Airbus', 400, to_date('10/01/2011', 'MM/DD/YYYY'), 2001, '00002');
insert into Plane values('A320', 'Airbus', 155, to_date('10/01/2011', 'MM/DD/YYYY'), 2001, '00002');
insert into Plane values('E145', 'Emraer', 50, to_date('06/15/2010', 'MM/DD/YYYY'), 2008, '00002');
insert into Plane values('B737', 'Boeing', 125, to_date('02/04/2007', 'MM/DD/YYYY'), 2002, '00002');
insert into Plane values('A350', 'Airbus', 150, to_date('10/10/2008', 'MM/DD/YYYY'), 2000, '00002');

insert into Plane values('B747', 'Airbus', 400, to_date('10/01/2011', 'MM/DD/YYYY'), 2001, '00003');
insert into Plane values('A320', 'Airbus', 155, to_date('10/01/2011', 'MM/DD/YYYY'), 2001, '00003');
insert into Plane values('E145', 'Emraer', 50, to_date('06/15/2010', 'MM/DD/YYYY'), 2008, '00003');
insert into Plane values('B737', 'Boeing', 125, to_date('02/04/2007', 'MM/DD/YYYY'), 2002, '00003');
insert into Plane values('A350', 'Airbus', 150, to_date('10/10/2008', 'MM/DD/YYYY'), 2000, '00003');

insert into Plane values('B747', 'Airbus', 400, to_date('10/01/2011', 'MM/DD/YYYY'), 2001, '00004');
insert into Plane values('A320', 'Airbus', 155, to_date('10/01/2011', 'MM/DD/YYYY'), 2001, '00004');
insert into Plane values('E145', 'Emraer', 50, to_date('06/15/2010', 'MM/DD/YYYY'), 2008, '00004');
insert into Plane values('B737', 'Boeing', 125, to_date('02/04/2007', 'MM/DD/YYYY'), 2002, '00004');
insert into Plane values('A350', 'Airbus', 150, to_date('10/10/2008', 'MM/DD/YYYY'), 2000, '00004');

insert into Plane values('B747', 'Airbus', 400, to_date('10/01/2011', 'MM/DD/YYYY'), 2001, '00005');
insert into Plane values('A320', 'Airbus', 155, to_date('10/01/2011', 'MM/DD/YYYY'), 2001, '00005');
insert into Plane values('E145', 'Emraer', 50, to_date('06/15/2010', 'MM/DD/YYYY'), 2008, '00005');
insert into Plane values('B737', 'Boeing', 125, to_date('02/04/2007', 'MM/DD/YYYY'), 2002, '00005');
insert into Plane values('A350', 'Airbus', 150, to_date('10/10/2008', 'MM/DD/YYYY'), 2000, '00005');

insert into Plane values('B747', 'Airbus', 400, to_date('10/01/2011', 'MM/DD/YYYY'), 2001, '00006');
insert into Plane values('A320', 'Airbus', 155, to_date('10/01/2011', 'MM/DD/YYYY'), 2001, '00006');
insert into Plane values('E145', 'Emraer', 50, to_date('06/15/2010', 'MM/DD/YYYY'), 2008, '00006');
insert into Plane values('B737', 'Boeing', 125, to_date('02/04/2007', 'MM/DD/YYYY'), 2002, '00006');
insert into Plane values('A350', 'Airbus', 150, to_date('10/10/2008', 'MM/DD/YYYY'), 2000, '00006');

insert into Plane values('B747', 'Airbus', 400, to_date('10/01/2011', 'MM/DD/YYYY'), 2001, '00007');
insert into Plane values('A320', 'Airbus', 155, to_date('10/01/2011', 'MM/DD/YYYY'), 2001, '00007');
insert into Plane values('E145', 'Emraer', 50, to_date('06/15/2010', 'MM/DD/YYYY'), 2008, '00007');
insert into Plane values('B737', 'Boeing', 125, to_date('02/04/2007', 'MM/DD/YYYY'), 2002, '00007');
insert into Plane values('A350', 'Airbus', 150, to_date('10/10/2008', 'MM/DD/YYYY'), 2000, '00007');

insert into Plane values('B747', 'Airbus', 400, to_date('10/01/2011', 'MM/DD/YYYY'), 2001, '00008');
insert into Plane values('A320', 'Airbus', 155, to_date('10/01/2011', 'MM/DD/YYYY'), 2001, '00008');
insert into Plane values('E145', 'Emraer', 50, to_date('06/15/2010', 'MM/DD/YYYY'), 2008, '00008');
insert into Plane values('B737', 'Boeing', 125, to_date('02/04/2007', 'MM/DD/YYYY'), 2002, '00008');
insert into Plane values('A350', 'Airbus', 150, to_date('10/10/2008', 'MM/DD/YYYY'), 2000, '00008');

insert into Plane values('B747', 'Airbus', 400, to_date('10/01/2011', 'MM/DD/YYYY'), 2001, '00009');
insert into Plane values('A320', 'Airbus', 155, to_date('10/01/2011', 'MM/DD/YYYY'), 2001, '00009');
insert into Plane values('E145', 'Emraer', 50, to_date('06/15/2010', 'MM/DD/YYYY'), 2008, '00009');
insert into Plane values('B737', 'Boeing', 125, to_date('02/04/2007', 'MM/DD/YYYY'), 2002, '00009');
insert into Plane values('A350', 'Airbus', 150, to_date('10/10/2008', 'MM/DD/YYYY'), 2000, '00009');

insert into Flight values ('000', '00002', 'A320', 'MIA', 'PHI', '0400', '1200', 'SMTWTFS');
insert into Flight values ('001', '00004', 'E145', 'SEA', 'PIT', '0300', '1800', '-M-W-F-');
insert into Flight values ('002', '00007', 'B737', 'PAR', 'BOS', '1000', '2200', 'S-----S');
insert into Flight values ('003', '00005', 'B737', 'JFK', 'PAR', '0600', '0500', '-MTWTF-');
insert into Flight values ('004', '00000', 'E145', 'MIA', 'JFK', '0100', '0500', '-M-W-F-');
insert into Flight values ('005', '00006', 'A320', 'PAR', 'PIT', '0300', '2000', 'S-----S');
insert into Flight values ('006', '00006', 'A350', 'HAW', 'MIA', '0800', '1200', 'SMTWTFS');
insert into Flight values ('007', '00002', 'E145', 'MIA', 'HAW', '0700', '1000', 'S-----S');
insert into Flight values ('008', '00001', 'A320', 'AUS', 'SEA', '0200', '1900', '-MTWTF-');
insert into Flight values ('009', '00003', 'E145', 'BOS', 'AUS', '0900', '0200', '-MTWTF-');
insert into Flight values ('010', '00002', 'E145', 'AUS', 'PHI', '0400', '1300', 'S-----S');
insert into Flight values ('011', '00003', 'B737', 'SEA', 'BOS', '1000', '2200', '-M-W-F-');
insert into Flight values ('012', '00000', 'B737', 'JFK', 'BOS', '1000', '1200', 'SMTWTFS');
insert into Flight values ('013', '00000', 'B747', 'BOS', 'JFK', '0100', '1100', 'S-----S');
insert into Flight values ('014', '00009', 'B747', 'LON', 'JFK', '0100', '1600', '-MTWTF-');
insert into Flight values ('015', '00003', 'A350', 'MIA', 'AUS', '0900', '1300', '-M-W-F-');
insert into Flight values ('016', '00006', 'A350', 'HAW', 'MIA', '0800', '1300', '-M-W-F-');
insert into Flight values ('017', '00006', 'B747', 'JFK', 'BOS', '1000', '2000', '-MTWTF-');
insert into Flight values ('018', '00002', 'B747', 'PAR', 'HAW', '0700', '0700', 'S-----S');
insert into Flight values ('019', '00008', 'B737', 'LAX', 'LON', '0500', '2300', 'SMTWTFS');
insert into Flight values ('020', '00006', 'B737', 'AUS', 'LON', '0500', '0600', 'SMTWTFS');
insert into Flight values ('021', '00003', 'B747', 'PAR', 'LON', '0500', '1600', '-MTWTF-');
insert into Flight values ('022', '00004', 'A350', 'AUS', 'BOS', '1000', '1800', 'S-----S');
insert into Flight values ('023', '00009', 'A320', 'MIA', 'AUS', '0900', '0300', 'S-----S');
insert into Flight values ('024', '00009', 'A320', 'PIT', 'BOS', '1000', '0100', '-MTWTF-');
insert into Flight values ('025', '00009', 'A350', 'BOS', 'SCN', '1100', '1800', '-MTWTF-');
insert into Flight values ('026', '00000', 'A350', 'AUS', 'LON', '0500', '0900', '-MTWTF-');
insert into Flight values ('027', '00006', 'B747', 'JFK', 'PAR', '0600', '1700', '-M-W-F-');
insert into Flight values ('028', '00002', 'E145', 'LON', 'PAR', '0600', '1000', '-MTWTF-');
insert into Flight values ('029', '00000', 'B737', 'PAR', 'LON', '0500', '0000', '-MTWTF-');
insert into Flight values ('030', '00007', 'E145', 'JFK', 'SEA', '0200', '0000', 'S-----S');
insert into Flight values ('031', '00007', 'E145', 'SEA', 'LON', '0500', '1000', 'S-----S');
insert into Flight values ('032', '00006', 'B747', 'PIT', 'SEA', '0200', '2100', 'S-----S');
insert into Flight values ('033', '00002', 'E145', 'MIA', 'HAW', '0700', '1100', '-M-W-F-');
insert into Flight values ('034', '00007', 'E145', 'LON', 'JFK', '0100', '0800', 'SMTWTFS');
insert into Flight values ('035', '00006', 'B747', 'PIT', 'PAR', '0600', '1100', 'SMTWTFS');
insert into Flight values ('036', '00003', 'B747', 'HAW', 'MIA', '0800', '2000', '-MTWTF-');
insert into Flight values ('037', '00004', 'A320', 'LAX', 'JFK', '0100', '1900', '-M-W-F-');
insert into Flight values ('038', '00005', 'B737', 'PHI', 'PIT', '0300', '1800', '-M-W-F-');
insert into Flight values ('039', '00004', 'B747', 'BOS', 'PIT', '0300', '0600', '-MTWTF-');
insert into Flight values ('040', '00003', 'A350', 'JFK', 'SEA', '0200', '2000', 'SMTWTFS');
insert into Flight values ('041', '00005', 'A350', 'LAX', 'LON', '0500', '2000', '-M-W-F-');
insert into Flight values ('042', '00009', 'B737', 'HAW', 'PIT', '0300', '1000', 'S-----S');
insert into Flight values ('043', '00009', 'A350', 'PHI', 'BOS', '1000', '0800', '-M-W-F-');
insert into Flight values ('044', '00004', 'B747', 'AUS', 'JFK', '0100', '1200', '-M-W-F-');
insert into Flight values ('045', '00002', 'B737', 'BOS', 'PAR', '0600', '0500', '-M-W-F-');
insert into Flight values ('046', '00003', 'E145', 'AUS', 'PAR', '0600', '1400', 'SMTWTFS');
insert into Flight values ('047', '00001', 'B747', 'AUS', 'LON', '0500', '0200', 'SMTWTFS');
insert into Flight values ('048', '00002', 'A350', 'MIA', 'LAX', '0000', '2000', 'SMTWTFS');
insert into Flight values ('049', '00007', 'A320', 'MIA', 'LON', '0500', '1700', '-MTWTF-');
insert into Flight values ('050', '00002', 'B737', 'MIA', 'BOS', '1000', '1600', 'S-----S');
insert into Flight values ('051', '00000', 'A320', 'AUS', 'MIA', '0800', '0900', '-M-W-F-');
insert into Flight values ('052', '00006', 'B747', 'AUS', 'LON', '0500', '0800', '-M-W-F-');
insert into Flight values ('053', '00009', 'B747', 'SEA', 'LAX', '0000', '1900', 'S-----S');
insert into Flight values ('054', '00001', 'B747', 'LAX', 'PAR', '0600', '1300', '-M-W-F-');
insert into Flight values ('055', '00001', 'B737', 'JFK', 'PIT', '0300', '1500', '-M-W-F-');
insert into Flight values ('056', '00002', 'B737', 'JFK', 'PHI', '0400', '1600', '-MTWTF-');
insert into Flight values ('057', '00005', 'A350', 'PHI', 'LAX', '0000', '0600', '-M-W-F-');
insert into Flight values ('058', '00008', 'E145', 'HAW', 'MIA', '0800', '1600', '-MTWTF-');
insert into Flight values ('059', '00007', 'B737', 'BOS', 'PHI', '0400', '0300', 'S-----S');
insert into Flight values ('060', '00004', 'B747', 'HAW', 'AUS', '0900', '1000', 'S-----S');
insert into Flight values ('061', '00000', 'E145', 'PAR', 'HAW', '0700', '0700', 'S-----S');
insert into Flight values ('062', '00002', 'B737', 'AUS', 'BOS', '1000', '0900', '-M-W-F-');
insert into Flight values ('063', '00001', 'B737', 'BOS', 'LAX', '0000', '2300', '-MTWTF-');
insert into Flight values ('064', '00005', 'A350', 'PIT', 'MIA', '0800', '0400', 'S-----S');
insert into Flight values ('065', '00002', 'B737', 'PAR', 'BOS', '1000', '0500', '-M-W-F-');
insert into Flight values ('066', '00006', 'A350', 'MIA', 'PAR', '0600', '0400', 'SMTWTFS');
insert into Flight values ('067', '00002', 'E145', 'LON', 'BOS', '1000', '0500', 'SMTWTFS');
insert into Flight values ('068', '00001', 'A320', 'SEA', 'PIT', '0300', '0600', '-M-W-F-');
insert into Flight values ('069', '00000', 'A350', 'SEA', 'MIA', '0800', '1000', 'SMTWTFS');
insert into Flight values ('070', '00003', 'A350', 'BOS', 'LON', '0500', '1100', 'SMTWTFS');
insert into Flight values ('071', '00008', 'B737', 'JFK', 'PHI', '0400', '2100', 'SMTWTFS');
insert into Flight values ('072', '00009', 'B747', 'AUS', 'LAX', '0000', '1700', 'SMTWTFS');
insert into Flight values ('073', '00004', 'A350', 'LAX', 'PHI', '0400', '1600', 'SMTWTFS');
insert into Flight values ('074', '00006', 'A320', 'AUS', 'SEA', '0200', '1300', 'S-----S');
insert into Flight values ('075', '00002', 'A350', 'PHI', 'PIT', '0300', '1900', 'SMTWTFS');
insert into Flight values ('076', '00000', 'A350', 'PAR', 'SEA', '0200', '0100', '-M-W-F-');
insert into Flight values ('077', '00003', 'A350', 'PHI', 'PIT', '0300', '0800', 'S-----S');
insert into Flight values ('078', '00005', 'A350', 'LON', 'PAR', '0600', '0700', 'S-----S');
insert into Flight values ('079', '00009', 'A320', 'PHI', 'LAX', '0000', '0600', 'SMTWTFS');
insert into Flight values ('080', '00001', 'B747', 'AUS', 'PAR', '0600', '0300', '-M-W-F-');
insert into Flight values ('081', '00008', 'E145', 'MIA', 'AUS', '0900', '0300', '-M-W-F-');
insert into Flight values ('082', '00009', 'A350', 'LAX', 'MIA', '0800', '0400', '-M-W-F-');
insert into Flight values ('083', '00004', 'E145', 'SEA', 'PAR', '0600', '1700', '-M-W-F-');
insert into Flight values ('084', '00000', 'E145', 'AUS', 'BOS', '1000', '1500', '-MTWTF-');
insert into Flight values ('085', '00008', 'A350', 'HAW', 'PIT', '0300', '1500', 'S-----S');
insert into Flight values ('086', '00008', 'B737', 'PIT', 'HAW', '0700', '1300', '-MTWTF-');
insert into Flight values ('087', '00009', 'A350', 'HAW', 'SEA', '0200', '0200', '-M-W-F-');
insert into Flight values ('088', '00007', 'E145', 'AUS', 'MIA', '0800', '1500', 'SMTWTFS');
insert into Flight values ('089', '00003', 'B737', 'HAW', 'BOS', '1000', '0400', 'S-----S');
insert into Flight values ('090', '00006', 'A350', 'MIA', 'SEA', '0200', '2300', '-MTWTF-');
insert into Flight values ('091', '00000', 'B737', 'PHI', 'JFK', '0100', '0500', '-MTWTF-');
insert into Flight values ('092', '00003', 'A320', 'PHI', 'PAR', '0600', '0400', '-M-W-F-');
insert into Flight values ('093', '00007', 'E145', 'PIT', 'PHI', '0400', '0800', '-MTWTF-');
insert into Flight values ('094', '00004', 'B747', 'SEA', 'LON', '0500', '1200', '-MTWTF-');
insert into Flight values ('095', '00004', 'A320', 'SEA', 'AUS', '0900', '2300', '-MTWTF-');
insert into Flight values ('096', '00005', 'A350', 'SEA', 'AUS', '0900', '0800', 'S-----S');
insert into Flight values ('097', '00002', 'B747', 'AUS', 'PAR', '0600', '1100', '-MTWTF-');
insert into Flight values ('098', '00003', 'E145', 'LAX', 'MIA', '0800', '1200', 'SMTWTFS');
insert into Flight values ('099', '00001', 'B737', 'JFK', 'MIA', '0800', '0700', '-MTWTF-');

insert into Price values ('MIA', 'PHI', '00002', '500', '250');
insert into Price values ('SEA', 'PIT', '00004', '500', '250');
insert into Price values ('PAR', 'BOS', '00007', '500', '250');
insert into Price values ('JFK', 'PAR', '00005', '500', '250');
insert into Price values ('MIA', 'JFK', '00000', '500', '250');
insert into Price values ('PAR', 'PIT', '00006', '500', '250');
insert into Price values ('HAW', 'MIA', '00006', '500', '250');
insert into Price values ('MIA', 'HAW', '00002', '500', '250');
insert into Price values ('AUS', 'SEA', '00001', '500', '250');
insert into Price values ('BOS', 'AUS', '00003', '500', '250');
insert into Price values ('AUS', 'PHI', '00002', '500', '250');
insert into Price values ('SEA', 'BOS', '00003', '500', '250');
insert into Price values ('JFK', 'BOS', '00000', '500', '250');
insert into Price values ('BOS', 'JFK', '00000', '500', '250');
insert into Price values ('LON', 'JFK', '00009', '1000', '750');
insert into Price values ('MIA', 'AUS', '00003', '500', '250');
insert into Price values ('HAW', 'MIA', '00006', '500', '250');
insert into Price values ('JFK', 'BOS', '00006', '500', '250');
insert into Price values ('PAR', 'HAW', '00002', '500', '250');
insert into Price values ('LAX', 'LON', '00008', '500', '250');
insert into Price values ('AUS', 'LON', '00006', '500', '250');
insert into Price values ('PAR', 'LON', '00003', '500', '250');
insert into Price values ('AUS', 'BOS', '00004', '500', '250');
insert into Price values ('MIA', 'AUS', '00009', '500', '250');
insert into Price values ('PIT', 'BOS', '00009', '500', '250');
insert into Price values ('BOS', 'SCN', '00009', '1000', '750');
insert into Price values ('AUS', 'LON', '00000', '500', '250');
insert into Price values ('JFK', 'PAR', '00006', '500', '250');
insert into Price values ('LON', 'PAR', '00002', '1000', '750');
insert into Price values ('PAR', 'LON', '00000', '500', '250');
insert into Price values ('JFK', 'SEA', '00007', '500', '250');
insert into Price values ('SEA', 'LON', '00007', '500', '250');
insert into Price values ('PIT', 'SEA', '00006', '500', '250');
insert into Price values ('MIA', 'HAW', '00002', '500', '250');
insert into Price values ('LON', 'JFK', '00007', '1000', '750');
insert into Price values ('PIT', 'PAR', '00006', '500', '250');
insert into Price values ('HAW', 'MIA', '00003', '500', '250');
insert into Price values ('LAX', 'JFK', '00004', '500', '250');
insert into Price values ('PHI', 'PIT', '00005', '500', '250');
insert into Price values ('BOS', 'PIT', '00004', '500', '250');
insert into Price values ('JFK', 'SEA', '00003', '500', '250');
insert into Price values ('LAX', 'LON', '00005', '500', '250');
insert into Price values ('HAW', 'PIT', '00009', '500', '250');
insert into Price values ('PHI', 'BOS', '00009', '500', '250');
insert into Price values ('AUS', 'JFK', '00004', '500', '250');
insert into Price values ('BOS', 'PAR', '00002', '500', '250');
insert into Price values ('AUS', 'PAR', '00003', '500', '250');
insert into Price values ('AUS', 'LON', '00001', '500', '250');
insert into Price values ('MIA', 'LAX', '00002', '500', '250');
insert into Price values ('MIA', 'LON', '00007', '500', '250');
insert into Price values ('MIA', 'BOS', '00002', '500', '250');
insert into Price values ('AUS', 'MIA', '00000', '500', '250');
insert into Price values ('AUS', 'LON', '00006', '500', '250');
insert into Price values ('SEA', 'LAX', '00009', '500', '250');
insert into Price values ('LAX', 'PAR', '00001', '500', '250');
insert into Price values ('JFK', 'PIT', '00001', '500', '250');
insert into Price values ('JFK', 'PHI', '00002', '500', '250');
insert into Price values ('PHI', 'LAX', '00005', '500', '250');
insert into Price values ('HAW', 'MIA', '00008', '500', '250');
insert into Price values ('BOS', 'PHI', '00007', '500', '250');
insert into Price values ('HAW', 'AUS', '00004', '500', '250');
insert into Price values ('PAR', 'HAW', '00000', '500', '250');
insert into Price values ('AUS', 'BOS', '00002', '500', '250');
insert into Price values ('BOS', 'LAX', '00001', '500', '250');
insert into Price values ('PIT', 'MIA', '00005', '500', '250');
insert into Price values ('PAR', 'BOS', '00002', '500', '250');
insert into Price values ('MIA', 'PAR', '00006', '500', '250');
insert into Price values ('LON', 'BOS', '00002', '1000', '750');
insert into Price values ('SEA', 'PIT', '00001', '500', '250');
insert into Price values ('SEA', 'MIA', '00000', '500', '250');
insert into Price values ('BOS', 'LON', '00003', '500', '250');
insert into Price values ('JFK', 'PHI', '00008', '500', '250');
insert into Price values ('AUS', 'LAX', '00009', '500', '250');
insert into Price values ('LAX', 'PHI', '00004', '500', '250');
insert into Price values ('AUS', 'SEA', '00006', '500', '250');
insert into Price values ('PHI', 'PIT', '00002', '500', '250');
insert into Price values ('PAR', 'SEA', '00000', '500', '250');
insert into Price values ('PHI', 'PIT', '00003', '500', '250');
insert into Price values ('LON', 'PAR', '00005', '1000', '750');
insert into Price values ('PHI', 'LAX', '00009', '500', '250');
insert into Price values ('AUS', 'PAR', '00001', '500', '250');
insert into Price values ('MIA', 'AUS', '00008', '500', '250');
insert into Price values ('LAX', 'MIA', '00009', '500', '250');
insert into Price values ('SEA', 'PAR', '00004', '500', '250');
insert into Price values ('AUS', 'BOS', '00000', '500', '250');
insert into Price values ('HAW', 'PIT', '00008', '500', '250');
insert into Price values ('PIT', 'HAW', '00008', '500', '250');
insert into Price values ('HAW', 'SEA', '00009', '500', '250');
insert into Price values ('AUS', 'MIA', '00007', '500', '250');
insert into Price values ('HAW', 'BOS', '00003', '500', '250');
insert into Price values ('MIA', 'SEA', '00006', '500', '250');
insert into Price values ('PHI', 'JFK', '00000', '500', '250');
insert into Price values ('PHI', 'PAR', '00003', '500', '250');
insert into Price values ('PIT', 'PHI', '00007', '500', '250');
insert into Price values ('SEA', 'LON', '00004', '500', '250');
insert into Price values ('SEA', 'AUS', '00004', '500', '250');
insert into Price values ('SEA', 'AUS', '00005', '500', '250');
insert into Price values ('AUS', 'PAR', '00002', '500', '250');
insert into Price values ('LAX', 'MIA', '00003', '500', '250');
insert into Price values ('JFK', 'MIA', '00001', '500', '250');

insert into Reservation values ('00000', '00000', 500, '000000000000000', to_date('13-AUG-13 00:00:00', 'DD-MON-YYYY HH24:MI:SS'), 'Y', 'MIA', 'PHI');
insert into Reservation values ('00001', '00001', 500, '000000000000000', to_date('13-AUG-13 00:00:00', 'DD-MON-YYYY HH24:MI:SS'), 'Y', 'MIA', 'PHI');
insert into Reservation values ('00002', '00002', 250, '000000000000001', to_date('09-APR-09 02:00:00', 'DD-MON-YYYY HH24:MI:SS'), 'Y', 'SEA', 'PIT');
insert into Reservation values ('00003', '00003', 250, '000000000000001', to_date('09-APR-09 02:00:00', 'DD-MON-YYYY HH24:MI:SS'), 'Y', 'SEA', 'PIT');
insert into Reservation values ('00004', '00004', 500, '000000000000002', to_date('03-SEP-03 03:00:00', 'DD-MON-YYYY HH24:MI:SS'), 'N', 'PAR', 'BOS');
insert into Reservation values ('00005', '00005', 500, '000000000000002', to_date('03-SEP-03 03:00:00', 'DD-MON-YYYY HH24:MI:SS'), 'N', 'PAR', 'BOS');
insert into Reservation values ('00006', '00006', 250, '000000000000003', to_date('05-JUL-05 01:00:00', 'DD-MON-YYYY HH24:MI:SS'), 'Y', 'JFK', 'PAR');
insert into Reservation values ('00007', '00007', 250, '000000000000003', to_date('05-JUL-05 01:00:00', 'DD-MON-YYYY HH24:MI:SS'), 'Y', 'JFK', 'PAR');
insert into Reservation values ('00008', '00008', 250, '000000000000004', to_date('03-JUN-03 02:00:00', 'DD-MON-YYYY HH24:MI:SS'), 'Y', 'MIA', 'JFK');
insert into Reservation values ('00009', '00009', 250, '000000000000004', to_date('03-JUN-03 02:00:00', 'DD-MON-YYYY HH24:MI:SS'), 'Y', 'MIA', 'JFK');
insert into Reservation values ('00010', '00010', 500, '000000000000005', to_date('08-OCT-08 03:00:00', 'DD-MON-YYYY HH24:MI:SS'), 'Y', 'PAR', 'PIT');
insert into Reservation values ('00011', '00011', 500, '000000000000005', to_date('08-OCT-08 03:00:00', 'DD-MON-YYYY HH24:MI:SS'), 'Y', 'PAR', 'PIT');
insert into Reservation values ('00012', '00012', 250, '000000000000006', to_date('00-AUG-00 00:00:00', 'DD-MON-YYYY HH24:MI:SS'), 'N', 'HAW', 'MIA');
insert into Reservation values ('00013', '00013', 250, '000000000000006', to_date('00-AUG-00 00:00:00', 'DD-MON-YYYY HH24:MI:SS'), 'N', 'HAW', 'MIA');
insert into Reservation values ('00014', '00014', 250, '000000000000007', to_date('04-JAN-04 03:00:00', 'DD-MON-YYYY HH24:MI:SS'), 'N', 'MIA', 'HAW');
insert into Reservation values ('00015', '00015', 250, '000000000000007', to_date('04-JAN-04 03:00:00', 'DD-MON-YYYY HH24:MI:SS'), 'N', 'MIA', 'HAW');
insert into Reservation values ('00016', '00016', 500, '000000000000008', to_date('10-MAY-10 01:00:00', 'DD-MON-YYYY HH24:MI:SS'), 'Y', 'AUS', 'SEA');
insert into Reservation values ('00017', '00017', 500, '000000000000008', to_date('10-MAY-10 01:00:00', 'DD-MON-YYYY HH24:MI:SS'), 'Y', 'AUS', 'SEA');
insert into Reservation values ('00018', '00018', 500, '000000000000009', to_date('12-NOV-12 01:00:00', 'DD-MON-YYYY HH24:MI:SS'), 'Y', 'BOS', 'AUS');
insert into Reservation values ('00019', '00019', 500, '000000000000009', to_date('12-NOV-12 01:00:00', 'DD-MON-YYYY HH24:MI:SS'), 'Y', 'BOS', 'AUS');
insert into Reservation values ('00020', '00020', 500, '000000000000010', to_date('03-JUL-03 03:00:00', 'DD-MON-YYYY HH24:MI:SS'), 'Y', 'AUS', 'PHI');
insert into Reservation values ('00021', '00021', 500, '000000000000010', to_date('03-JUL-03 03:00:00', 'DD-MON-YYYY HH24:MI:SS'), 'Y', 'AUS', 'PHI');
insert into Reservation values ('00022', '00022', 500, '000000000000011', to_date('19-MAY-19 02:00:00', 'DD-MON-YYYY HH24:MI:SS'), 'N', 'SEA', 'BOS');
insert into Reservation values ('00023', '00023', 500, '000000000000011', to_date('19-MAY-19 02:00:00', 'DD-MON-YYYY HH24:MI:SS'), 'N', 'SEA', 'BOS');
insert into Reservation values ('00024', '00024', 250, '000000000000012', to_date('05-AUG-05 00:00:00', 'DD-MON-YYYY HH24:MI:SS'), 'N', 'JFK', 'BOS');
insert into Reservation values ('00025', '00025', 250, '000000000000012', to_date('05-AUG-05 00:00:00', 'DD-MON-YYYY HH24:MI:SS'), 'N', 'JFK', 'BOS');
insert into Reservation values ('00026', '00026', 500, '000000000000013', to_date('11-JUN-11 03:00:00', 'DD-MON-YYYY HH24:MI:SS'), 'Y', 'BOS', 'JFK');
insert into Reservation values ('00027', '00027', 500, '000000000000013', to_date('11-JUN-11 03:00:00', 'DD-MON-YYYY HH24:MI:SS'), 'Y', 'BOS', 'JFK');
insert into Reservation values ('00028', '00028', 1000, '000000000000014', to_date('00-JUN-00 01:00:00', 'DD-MON-YYYY HH24:MI:SS'), 'Y', 'LON', 'JFK');
insert into Reservation values ('00029', '00029', 1000, '000000000000014', to_date('00-JUN-00 01:00:00', 'DD-MON-YYYY HH24:MI:SS'), 'Y', 'LON', 'JFK');
insert into Reservation values ('00030', '00030', 500, '000000000000015', to_date('19-JAN-19 02:00:00', 'DD-MON-YYYY HH24:MI:SS'), 'Y', 'MIA', 'AUS');
insert into Reservation values ('00031', '00031', 500, '000000000000015', to_date('19-JAN-19 02:00:00', 'DD-MON-YYYY HH24:MI:SS'), 'Y', 'MIA', 'AUS');
insert into Reservation values ('00032', '00032', 250, '000000000000016', to_date('04-FEB-04 02:00:00', 'DD-MON-YYYY HH24:MI:SS'), 'N', 'HAW', 'MIA');
insert into Reservation values ('00033', '00033', 250, '000000000000016', to_date('04-FEB-04 02:00:00', 'DD-MON-YYYY HH24:MI:SS'), 'N', 'HAW', 'MIA');
insert into Reservation values ('00034', '00034', 250, '000000000000017', to_date('15-FEB-15 01:00:00', 'DD-MON-YYYY HH24:MI:SS'), 'Y', 'JFK', 'BOS');
insert into Reservation values ('00035', '00035', 250, '000000000000017', to_date('15-FEB-15 01:00:00', 'DD-MON-YYYY HH24:MI:SS'), 'Y', 'JFK', 'BOS');
insert into Reservation values ('00036', '00036', 250, '000000000000018', to_date('00-MAY-00 03:00:00', 'DD-MON-YYYY HH24:MI:SS'), 'Y', 'PAR', 'HAW');
insert into Reservation values ('00037', '00037', 250, '000000000000018', to_date('00-MAY-00 03:00:00', 'DD-MON-YYYY HH24:MI:SS'), 'Y', 'PAR', 'HAW');
insert into Reservation values ('00038', '00038', 500, '000000000000019', to_date('17-JUN-17 00:00:00', 'DD-MON-YYYY HH24:MI:SS'), 'Y', 'LAX', 'LON');
insert into Reservation values ('00039', '00039', 500, '000000000000019', to_date('17-JUN-17 00:00:00', 'DD-MON-YYYY HH24:MI:SS'), 'Y', 'LAX', 'LON');
insert into Reservation values ('00040', '00040', 250, '000000000000020', to_date('19-MAY-19 00:00:00', 'DD-MON-YYYY HH24:MI:SS'), 'Y', 'AUS', 'LON');
insert into Reservation values ('00041', '00041', 250, '000000000000020', to_date('19-MAY-19 00:00:00', 'DD-MON-YYYY HH24:MI:SS'), 'Y', 'AUS', 'LON');
insert into Reservation values ('00042', '00042', 500, '000000000000021', to_date('03-FEB-03 01:00:00', 'DD-MON-YYYY HH24:MI:SS'), 'Y', 'PAR', 'LON');
insert into Reservation values ('00043', '00043', 500, '000000000000021', to_date('03-FEB-03 01:00:00', 'DD-MON-YYYY HH24:MI:SS'), 'Y', 'PAR', 'LON');
insert into Reservation values ('00044', '00044', 250, '000000000000022', to_date('03-FEB-03 03:00:00', 'DD-MON-YYYY HH24:MI:SS'), 'Y', 'AUS', 'BOS');
insert into Reservation values ('00045', '00045', 250, '000000000000022', to_date('03-FEB-03 03:00:00', 'DD-MON-YYYY HH24:MI:SS'), 'Y', 'AUS', 'BOS');
insert into Reservation values ('00046', '00046', 250, '000000000000023', to_date('05-MAY-05 03:00:00', 'DD-MON-YYYY HH24:MI:SS'), 'N', 'MIA', 'AUS');
insert into Reservation values ('00047', '00047', 250, '000000000000023', to_date('05-MAY-05 03:00:00', 'DD-MON-YYYY HH24:MI:SS'), 'N', 'MIA', 'AUS');
insert into Reservation values ('00048', '00048', 250, '000000000000024', to_date('13-JUL-13 01:00:00', 'DD-MON-YYYY HH24:MI:SS'), 'Y', 'PIT', 'BOS');
insert into Reservation values ('00049', '00049', 250, '000000000000024', to_date('13-JUL-13 01:00:00', 'DD-MON-YYYY HH24:MI:SS'), 'Y', 'PIT', 'BOS');
insert into Reservation values ('00050', '00050', 1000, '000000000000025', to_date('02-SEP-02 01:00:00', 'DD-MON-YYYY HH24:MI:SS'), 'Y', 'BOS', 'SCN');
insert into Reservation values ('00051', '00051', 1000, '000000000000025', to_date('02-SEP-02 01:00:00', 'DD-MON-YYYY HH24:MI:SS'), 'Y', 'BOS', 'SCN');
insert into Reservation values ('00052', '00052', 250, '000000000000026', to_date('01-SEP-01 01:00:00', 'DD-MON-YYYY HH24:MI:SS'), 'Y', 'AUS', 'LON');
insert into Reservation values ('00053', '00053', 250, '000000000000026', to_date('01-SEP-01 01:00:00', 'DD-MON-YYYY HH24:MI:SS'), 'Y', 'AUS', 'LON');
insert into Reservation values ('00054', '00054', 500, '000000000000027', to_date('04-APR-04 02:00:00', 'DD-MON-YYYY HH24:MI:SS'), 'N', 'JFK', 'PAR');
insert into Reservation values ('00055', '00055', 500, '000000000000027', to_date('04-APR-04 02:00:00', 'DD-MON-YYYY HH24:MI:SS'), 'N', 'JFK', 'PAR');
insert into Reservation values ('00056', '00056', 1000, '000000000000028', to_date('11-OCT-11 01:00:00', 'DD-MON-YYYY HH24:MI:SS'), 'Y', 'LON', 'PAR');
insert into Reservation values ('00057', '00057', 1000, '000000000000028', to_date('11-OCT-11 01:00:00', 'DD-MON-YYYY HH24:MI:SS'), 'Y', 'LON', 'PAR');
insert into Reservation values ('00058', '00058', 250, '000000000000029', to_date('13-JUN-13 01:00:00', 'DD-MON-YYYY HH24:MI:SS'), 'Y', 'PAR', 'LON');
insert into Reservation values ('00059', '00059', 250, '000000000000029', to_date('13-JUN-13 01:00:00', 'DD-MON-YYYY HH24:MI:SS'), 'Y', 'PAR', 'LON');
insert into Reservation values ('00060', '00060', 250, '000000000000030', to_date('17-OCT-17 03:00:00', 'DD-MON-YYYY HH24:MI:SS'), 'Y', 'JFK', 'SEA');
insert into Reservation values ('00061', '00061', 250, '000000000000030', to_date('17-OCT-17 03:00:00', 'DD-MON-YYYY HH24:MI:SS'), 'Y', 'JFK', 'SEA');
insert into Reservation values ('00062', '00062', 250, '000000000000031', to_date('15-OCT-15 03:00:00', 'DD-MON-YYYY HH24:MI:SS'), 'Y', 'SEA', 'LON');
insert into Reservation values ('00063', '00063', 250, '000000000000031', to_date('15-OCT-15 03:00:00', 'DD-MON-YYYY HH24:MI:SS'), 'Y', 'SEA', 'LON');
insert into Reservation values ('00064', '00064', 500, '000000000000032', to_date('13-SEP-13 03:00:00', 'DD-MON-YYYY HH24:MI:SS'), 'Y', 'PIT', 'SEA');
insert into Reservation values ('00065', '00065', 500, '000000000000032', to_date('13-SEP-13 03:00:00', 'DD-MON-YYYY HH24:MI:SS'), 'Y', 'PIT', 'SEA');
insert into Reservation values ('00066', '00066', 500, '000000000000033', to_date('10-AUG-10 02:00:00', 'DD-MON-YYYY HH24:MI:SS'), 'Y', 'MIA', 'HAW');
insert into Reservation values ('00067', '00067', 500, '000000000000033', to_date('10-AUG-10 02:00:00', 'DD-MON-YYYY HH24:MI:SS'), 'Y', 'MIA', 'HAW');
insert into Reservation values ('00068', '00068', 1000, '000000000000034', to_date('11-NOV-11 00:00:00', 'DD-MON-YYYY HH24:MI:SS'), 'Y', 'LON', 'JFK');
insert into Reservation values ('00069', '00069', 1000, '000000000000034', to_date('11-NOV-11 00:00:00', 'DD-MON-YYYY HH24:MI:SS'), 'Y', 'LON', 'JFK');
insert into Reservation values ('00070', '00070', 250, '000000000000035', to_date('19-FEB-19 00:00:00', 'DD-MON-YYYY HH24:MI:SS'), 'N', 'PIT', 'PAR');
insert into Reservation values ('00071', '00071', 250, '000000000000035', to_date('19-FEB-19 00:00:00', 'DD-MON-YYYY HH24:MI:SS'), 'N', 'PIT', 'PAR');
insert into Reservation values ('00072', '00072', 500, '000000000000036', to_date('08-SEP-08 01:00:00', 'DD-MON-YYYY HH24:MI:SS'), 'Y', 'HAW', 'MIA');
insert into Reservation values ('00073', '00073', 500, '000000000000036', to_date('08-SEP-08 01:00:00', 'DD-MON-YYYY HH24:MI:SS'), 'Y', 'HAW', 'MIA');
insert into Reservation values ('00074', '00074', 500, '000000000000037', to_date('15-OCT-15 02:00:00', 'DD-MON-YYYY HH24:MI:SS'), 'Y', 'LAX', 'JFK');
insert into Reservation values ('00075', '00075', 500, '000000000000037', to_date('15-OCT-15 02:00:00', 'DD-MON-YYYY HH24:MI:SS'), 'Y', 'LAX', 'JFK');
insert into Reservation values ('00076', '00076', 500, '000000000000038', to_date('13-MAR-13 02:00:00', 'DD-MON-YYYY HH24:MI:SS'), 'Y', 'PHI', 'PIT');
insert into Reservation values ('00077', '00077', 500, '000000000000038', to_date('13-MAR-13 02:00:00', 'DD-MON-YYYY HH24:MI:SS'), 'Y', 'PHI', 'PIT');
insert into Reservation values ('00078', '00078', 250, '000000000000039', to_date('06-MAR-06 01:00:00', 'DD-MON-YYYY HH24:MI:SS'), 'Y', 'BOS', 'PIT');
insert into Reservation values ('00079', '00079', 250, '000000000000039', to_date('06-MAR-06 01:00:00', 'DD-MON-YYYY HH24:MI:SS'), 'Y', 'BOS', 'PIT');
insert into Reservation values ('00080', '00080', 500, '000000000000040', to_date('01-MAR-01 00:00:00', 'DD-MON-YYYY HH24:MI:SS'), 'Y', 'JFK', 'SEA');
insert into Reservation values ('00081', '00081', 500, '000000000000040', to_date('01-MAR-01 00:00:00', 'DD-MON-YYYY HH24:MI:SS'), 'Y', 'JFK', 'SEA');
insert into Reservation values ('00082', '00082', 250, '000000000000041', to_date('03-JAN-03 02:00:00', 'DD-MON-YYYY HH24:MI:SS'), 'Y', 'LAX', 'LON');
insert into Reservation values ('00083', '00083', 250, '000000000000041', to_date('03-JAN-03 02:00:00', 'DD-MON-YYYY HH24:MI:SS'), 'Y', 'LAX', 'LON');
insert into Reservation values ('00084', '00084', 250, '000000000000042', to_date('04-JUL-04 03:00:00', 'DD-MON-YYYY HH24:MI:SS'), 'Y', 'HAW', 'PIT');
insert into Reservation values ('00085', '00085', 250, '000000000000042', to_date('04-JUL-04 03:00:00', 'DD-MON-YYYY HH24:MI:SS'), 'Y', 'HAW', 'PIT');
insert into Reservation values ('00086', '00086', 500, '000000000000043', to_date('05-NOV-05 02:00:00', 'DD-MON-YYYY HH24:MI:SS'), 'Y', 'PHI', 'BOS');
insert into Reservation values ('00087', '00087', 500, '000000000000043', to_date('05-NOV-05 02:00:00', 'DD-MON-YYYY HH24:MI:SS'), 'Y', 'PHI', 'BOS');
insert into Reservation values ('00088', '00088', 500, '000000000000044', to_date('15-MAY-15 02:00:00', 'DD-MON-YYYY HH24:MI:SS'), 'Y', 'AUS', 'JFK');
insert into Reservation values ('00089', '00089', 500, '000000000000044', to_date('15-MAY-15 02:00:00', 'DD-MON-YYYY HH24:MI:SS'), 'Y', 'AUS', 'JFK');
insert into Reservation values ('00090', '00090', 250, '000000000000045', to_date('07-SEP-07 02:00:00', 'DD-MON-YYYY HH24:MI:SS'), 'Y', 'BOS', 'PAR');
insert into Reservation values ('00091', '00091', 250, '000000000000045', to_date('07-SEP-07 02:00:00', 'DD-MON-YYYY HH24:MI:SS'), 'Y', 'BOS', 'PAR');
insert into Reservation values ('00092', '00092', 500, '000000000000046', to_date('14-MAR-14 00:00:00', 'DD-MON-YYYY HH24:MI:SS'), 'Y', 'AUS', 'PAR');
insert into Reservation values ('00093', '00093', 500, '000000000000046', to_date('14-MAR-14 00:00:00', 'DD-MON-YYYY HH24:MI:SS'), 'Y', 'AUS', 'PAR');
insert into Reservation values ('00094', '00094', 250, '000000000000047', to_date('00-NOV-00 00:00:00', 'DD-MON-YYYY HH24:MI:SS'), 'Y', 'AUS', 'LON');
insert into Reservation values ('00095', '00095', 250, '000000000000047', to_date('00-NOV-00 00:00:00', 'DD-MON-YYYY HH24:MI:SS'), 'Y', 'AUS', 'LON');
insert into Reservation values ('00096', '00096', 500, '000000000000048', to_date('03-MAY-03 00:00:00', 'DD-MON-YYYY HH24:MI:SS'), 'Y', 'MIA', 'LAX');
insert into Reservation values ('00097', '00097', 500, '000000000000048', to_date('03-MAY-03 00:00:00', 'DD-MON-YYYY HH24:MI:SS'), 'Y', 'MIA', 'LAX');
insert into Reservation values ('00098', '00098', 500, '000000000000049', to_date('12-DEC-12 01:00:00', 'DD-MON-YYYY HH24:MI:SS'), 'Y', 'MIA', 'LON');
insert into Reservation values ('00099', '00099', 500, '000000000000049', to_date('12-DEC-12 01:00:00', 'DD-MON-YYYY HH24:MI:SS'), 'Y', 'MIA', 'LON');
insert into Reservation values ('00100', '00100', 500, '000000000000050', to_date('03-NOV-03 03:00:00', 'DD-MON-YYYY HH24:MI:SS'), 'Y', 'MIA', 'BOS');
insert into Reservation values ('00101', '00101', 500, '000000000000050', to_date('03-NOV-03 03:00:00', 'DD-MON-YYYY HH24:MI:SS'), 'Y', 'MIA', 'BOS');
insert into Reservation values ('00102', '00102', 250, '000000000000051', to_date('17-OCT-17 02:00:00', 'DD-MON-YYYY HH24:MI:SS'), 'Y', 'AUS', 'MIA');
insert into Reservation values ('00103', '00103', 250, '000000000000051', to_date('17-OCT-17 02:00:00', 'DD-MON-YYYY HH24:MI:SS'), 'Y', 'AUS', 'MIA');
insert into Reservation values ('00104', '00104', 250, '000000000000052', to_date('11-MAY-11 02:00:00', 'DD-MON-YYYY HH24:MI:SS'), 'N', 'AUS', 'LON');
insert into Reservation values ('00105', '00105', 250, '000000000000052', to_date('11-MAY-11 02:00:00', 'DD-MON-YYYY HH24:MI:SS'), 'N', 'AUS', 'LON');
insert into Reservation values ('00106', '00106', 250, '000000000000053', to_date('17-APR-17 03:00:00', 'DD-MON-YYYY HH24:MI:SS'), 'Y', 'SEA', 'LAX');
insert into Reservation values ('00107', '00107', 250, '000000000000053', to_date('17-APR-17 03:00:00', 'DD-MON-YYYY HH24:MI:SS'), 'Y', 'SEA', 'LAX');
insert into Reservation values ('00108', '00108', 500, '000000000000054', to_date('00-NOV-00 02:00:00', 'DD-MON-YYYY HH24:MI:SS'), 'N', 'LAX', 'PAR');
insert into Reservation values ('00109', '00109', 500, '000000000000054', to_date('00-NOV-00 02:00:00', 'DD-MON-YYYY HH24:MI:SS'), 'N', 'LAX', 'PAR');
insert into Reservation values ('00110', '00110', 250, '000000000000055', to_date('03-NOV-03 02:00:00', 'DD-MON-YYYY HH24:MI:SS'), 'Y', 'JFK', 'PIT');
insert into Reservation values ('00111', '00111', 250, '000000000000055', to_date('03-NOV-03 02:00:00', 'DD-MON-YYYY HH24:MI:SS'), 'Y', 'JFK', 'PIT');
insert into Reservation values ('00112', '00112', 500, '000000000000056', to_date('16-JUL-16 01:00:00', 'DD-MON-YYYY HH24:MI:SS'), 'Y', 'JFK', 'PHI');
insert into Reservation values ('00113', '00113', 500, '000000000000056', to_date('16-JUL-16 01:00:00', 'DD-MON-YYYY HH24:MI:SS'), 'Y', 'JFK', 'PHI');
insert into Reservation values ('00114', '00114', 250, '000000000000057', to_date('02-NOV-02 02:00:00', 'DD-MON-YYYY HH24:MI:SS'), 'N', 'PHI', 'LAX');
insert into Reservation values ('00115', '00115', 250, '000000000000057', to_date('02-NOV-02 02:00:00', 'DD-MON-YYYY HH24:MI:SS'), 'N', 'PHI', 'LAX');
insert into Reservation values ('00116', '00116', 500, '000000000000058', to_date('08-APR-08 01:00:00', 'DD-MON-YYYY HH24:MI:SS'), 'Y', 'HAW', 'MIA');
insert into Reservation values ('00117', '00117', 500, '000000000000058', to_date('08-APR-08 01:00:00', 'DD-MON-YYYY HH24:MI:SS'), 'Y', 'HAW', 'MIA');
insert into Reservation values ('00118', '00118', 250, '000000000000059', to_date('00-OCT-00 03:00:00', 'DD-MON-YYYY HH24:MI:SS'), 'Y', 'BOS', 'PHI');
insert into Reservation values ('00119', '00119', 250, '000000000000059', to_date('00-OCT-00 03:00:00', 'DD-MON-YYYY HH24:MI:SS'), 'Y', 'BOS', 'PHI');
insert into Reservation values ('00120', '00120', 500, '000000000000060', to_date('17-NOV-17 03:00:00', 'DD-MON-YYYY HH24:MI:SS'), 'Y', 'HAW', 'AUS');
insert into Reservation values ('00121', '00121', 500, '000000000000060', to_date('17-NOV-17 03:00:00', 'DD-MON-YYYY HH24:MI:SS'), 'Y', 'HAW', 'AUS');
insert into Reservation values ('00122', '00122', 250, '000000000000061', to_date('14-NOV-14 03:00:00', 'DD-MON-YYYY HH24:MI:SS'), 'N', 'PAR', 'HAW');
insert into Reservation values ('00123', '00123', 250, '000000000000061', to_date('14-NOV-14 03:00:00', 'DD-MON-YYYY HH24:MI:SS'), 'N', 'PAR', 'HAW');
insert into Reservation values ('00124', '00124', 250, '000000000000062', to_date('16-OCT-16 02:00:00', 'DD-MON-YYYY HH24:MI:SS'), 'N', 'AUS', 'BOS');
insert into Reservation values ('00125', '00125', 250, '000000000000062', to_date('16-OCT-16 02:00:00', 'DD-MON-YYYY HH24:MI:SS'), 'N', 'AUS', 'BOS');
insert into Reservation values ('00126', '00126', 500, '000000000000063', to_date('13-FEB-13 01:00:00', 'DD-MON-YYYY HH24:MI:SS'), 'Y', 'BOS', 'LAX');
insert into Reservation values ('00127', '00127', 500, '000000000000063', to_date('13-FEB-13 01:00:00', 'DD-MON-YYYY HH24:MI:SS'), 'Y', 'BOS', 'LAX');
insert into Reservation values ('00128', '00128', 500, '000000000000064', to_date('15-JUL-15 03:00:00', 'DD-MON-YYYY HH24:MI:SS'), 'Y', 'PIT', 'MIA');
insert into Reservation values ('00129', '00129', 500, '000000000000064', to_date('15-JUL-15 03:00:00', 'DD-MON-YYYY HH24:MI:SS'), 'Y', 'PIT', 'MIA');
insert into Reservation values ('00130', '00130', 500, '000000000000065', to_date('11-MAY-11 02:00:00', 'DD-MON-YYYY HH24:MI:SS'), 'Y', 'PAR', 'BOS');
insert into Reservation values ('00131', '00131', 500, '000000000000065', to_date('11-MAY-11 02:00:00', 'DD-MON-YYYY HH24:MI:SS'), 'Y', 'PAR', 'BOS');
insert into Reservation values ('00132', '00132', 250, '000000000000066', to_date('07-FEB-07 00:00:00', 'DD-MON-YYYY HH24:MI:SS'), 'Y', 'MIA', 'PAR');
insert into Reservation values ('00133', '00133', 250, '000000000000066', to_date('07-FEB-07 00:00:00', 'DD-MON-YYYY HH24:MI:SS'), 'Y', 'MIA', 'PAR');
insert into Reservation values ('00134', '00134', 750, '000000000000067', to_date('17-MAY-17 00:00:00', 'DD-MON-YYYY HH24:MI:SS'), 'Y', 'LON', 'BOS');
insert into Reservation values ('00135', '00135', 750, '000000000000067', to_date('17-MAY-17 00:00:00', 'DD-MON-YYYY HH24:MI:SS'), 'Y', 'LON', 'BOS');
insert into Reservation values ('00136', '00136', 250, '000000000000068', to_date('05-NOV-05 02:00:00', 'DD-MON-YYYY HH24:MI:SS'), 'Y', 'SEA', 'PIT');
insert into Reservation values ('00137', '00137', 250, '000000000000068', to_date('05-NOV-05 02:00:00', 'DD-MON-YYYY HH24:MI:SS'), 'Y', 'SEA', 'PIT');
insert into Reservation values ('00138', '00138', 500, '000000000000069', to_date('09-MAY-09 00:00:00', 'DD-MON-YYYY HH24:MI:SS'), 'Y', 'SEA', 'MIA');
insert into Reservation values ('00139', '00139', 500, '000000000000069', to_date('09-MAY-09 00:00:00', 'DD-MON-YYYY HH24:MI:SS'), 'Y', 'SEA', 'MIA');
insert into Reservation values ('00140', '00140', 500, '000000000000070', to_date('13-JAN-13 00:00:00', 'DD-MON-YYYY HH24:MI:SS'), 'Y', 'BOS', 'LON');
insert into Reservation values ('00141', '00141', 500, '000000000000070', to_date('13-JAN-13 00:00:00', 'DD-MON-YYYY HH24:MI:SS'), 'Y', 'BOS', 'LON');
insert into Reservation values ('00142', '00142', 500, '000000000000071', to_date('04-DEC-04 00:00:00', 'DD-MON-YYYY HH24:MI:SS'), 'Y', 'JFK', 'PHI');
insert into Reservation values ('00143', '00143', 500, '000000000000071', to_date('04-DEC-04 00:00:00', 'DD-MON-YYYY HH24:MI:SS'), 'Y', 'JFK', 'PHI');
insert into Reservation values ('00144', '00144', 500, '000000000000072', to_date('01-MAR-01 00:00:00', 'DD-MON-YYYY HH24:MI:SS'), 'Y', 'AUS', 'LAX');
insert into Reservation values ('00145', '00145', 500, '000000000000072', to_date('01-MAR-01 00:00:00', 'DD-MON-YYYY HH24:MI:SS'), 'Y', 'AUS', 'LAX');
insert into Reservation values ('00146', '00146', 250, '000000000000073', to_date('01-JUL-01 00:00:00', 'DD-MON-YYYY HH24:MI:SS'), 'Y', 'LAX', 'PHI');
insert into Reservation values ('00147', '00147', 250, '000000000000073', to_date('01-JUL-01 00:00:00', 'DD-MON-YYYY HH24:MI:SS'), 'Y', 'LAX', 'PHI');
insert into Reservation values ('00148', '00148', 250, '000000000000074', to_date('08-JUL-08 03:00:00', 'DD-MON-YYYY HH24:MI:SS'), 'Y', 'AUS', 'SEA');
insert into Reservation values ('00149', '00149', 250, '000000000000074', to_date('08-JUL-08 03:00:00', 'DD-MON-YYYY HH24:MI:SS'), 'Y', 'AUS', 'SEA');
insert into Reservation values ('00150', '00150', 500, '000000000000075', to_date('18-JAN-18 00:00:00', 'DD-MON-YYYY HH24:MI:SS'), 'Y', 'PHI', 'PIT');
insert into Reservation values ('00151', '00151', 500, '000000000000075', to_date('18-JAN-18 00:00:00', 'DD-MON-YYYY HH24:MI:SS'), 'Y', 'PHI', 'PIT');
insert into Reservation values ('00152', '00152', 250, '000000000000076', to_date('12-JUL-12 02:00:00', 'DD-MON-YYYY HH24:MI:SS'), 'Y', 'PAR', 'SEA');
insert into Reservation values ('00153', '00153', 250, '000000000000076', to_date('12-JUL-12 02:00:00', 'DD-MON-YYYY HH24:MI:SS'), 'Y', 'PAR', 'SEA');
insert into Reservation values ('00154', '00154', 250, '000000000000077', to_date('03-OCT-03 03:00:00', 'DD-MON-YYYY HH24:MI:SS'), 'Y', 'PHI', 'PIT');
insert into Reservation values ('00155', '00155', 250, '000000000000077', to_date('03-OCT-03 03:00:00', 'DD-MON-YYYY HH24:MI:SS'), 'Y', 'PHI', 'PIT');
insert into Reservation values ('00156', '00156', 1000, '000000000000078', to_date('11-OCT-11 03:00:00', 'DD-MON-YYYY HH24:MI:SS'), 'Y', 'LON', 'PAR');
insert into Reservation values ('00157', '00157', 1000, '000000000000078', to_date('11-OCT-11 03:00:00', 'DD-MON-YYYY HH24:MI:SS'), 'Y', 'LON', 'PAR');
insert into Reservation values ('00158', '00158', 500, '000000000000079', to_date('05-MAR-05 00:00:00', 'DD-MON-YYYY HH24:MI:SS'), 'Y', 'PHI', 'LAX');
insert into Reservation values ('00159', '00159', 500, '000000000000079', to_date('05-MAR-05 00:00:00', 'DD-MON-YYYY HH24:MI:SS'), 'Y', 'PHI', 'LAX');
insert into Reservation values ('00160', '00160', 250, '000000000000080', to_date('16-AUG-16 02:00:00', 'DD-MON-YYYY HH24:MI:SS'), 'Y', 'AUS', 'PAR');
insert into Reservation values ('00161', '00161', 250, '000000000000080', to_date('16-AUG-16 02:00:00', 'DD-MON-YYYY HH24:MI:SS'), 'Y', 'AUS', 'PAR');
insert into Reservation values ('00162', '00162', 250, '000000000000081', to_date('18-OCT-18 02:00:00', 'DD-MON-YYYY HH24:MI:SS'), 'Y', 'MIA', 'AUS');
insert into Reservation values ('00163', '00163', 250, '000000000000081', to_date('18-OCT-18 02:00:00', 'DD-MON-YYYY HH24:MI:SS'), 'Y', 'MIA', 'AUS');
insert into Reservation values ('00164', '00164', 250, '000000000000082', to_date('11-DEC-11 02:00:00', 'DD-MON-YYYY HH24:MI:SS'), 'Y', 'LAX', 'MIA');
insert into Reservation values ('00165', '00165', 250, '000000000000082', to_date('11-DEC-11 02:00:00', 'DD-MON-YYYY HH24:MI:SS'), 'Y', 'LAX', 'MIA');
insert into Reservation values ('00166', '00166', 250, '000000000000083', to_date('13-NOV-13 02:00:00', 'DD-MON-YYYY HH24:MI:SS'), 'N', 'SEA', 'PAR');
insert into Reservation values ('00167', '00167', 250, '000000000000083', to_date('13-NOV-13 02:00:00', 'DD-MON-YYYY HH24:MI:SS'), 'N', 'SEA', 'PAR');
insert into Reservation values ('00168', '00168', 500, '000000000000084', to_date('13-JUN-13 01:00:00', 'DD-MON-YYYY HH24:MI:SS'), 'N', 'AUS', 'BOS');
insert into Reservation values ('00169', '00169', 500, '000000000000084', to_date('13-JUN-13 01:00:00', 'DD-MON-YYYY HH24:MI:SS'), 'N', 'AUS', 'BOS');
insert into Reservation values ('00170', '00170', 250, '000000000000085', to_date('15-FEB-15 03:00:00', 'DD-MON-YYYY HH24:MI:SS'), 'Y', 'HAW', 'PIT');
insert into Reservation values ('00171', '00171', 250, '000000000000085', to_date('15-FEB-15 03:00:00', 'DD-MON-YYYY HH24:MI:SS'), 'Y', 'HAW', 'PIT');
insert into Reservation values ('00172', '00172', 500, '000000000000086', to_date('08-FEB-08 01:00:00', 'DD-MON-YYYY HH24:MI:SS'), 'N', 'PIT', 'HAW');
insert into Reservation values ('00173', '00173', 500, '000000000000086', to_date('08-FEB-08 01:00:00', 'DD-MON-YYYY HH24:MI:SS'), 'N', 'PIT', 'HAW');
insert into Reservation values ('00174', '00174', 250, '000000000000087', to_date('05-APR-05 02:00:00', 'DD-MON-YYYY HH24:MI:SS'), 'N', 'HAW', 'SEA');
insert into Reservation values ('00175', '00175', 250, '000000000000087', to_date('05-APR-05 02:00:00', 'DD-MON-YYYY HH24:MI:SS'), 'N', 'HAW', 'SEA');
insert into Reservation values ('00176', '00176', 500, '000000000000088', to_date('02-JUN-02 00:00:00', 'DD-MON-YYYY HH24:MI:SS'), 'Y', 'AUS', 'MIA');
insert into Reservation values ('00177', '00177', 500, '000000000000088', to_date('02-JUN-02 00:00:00', 'DD-MON-YYYY HH24:MI:SS'), 'Y', 'AUS', 'MIA');
insert into Reservation values ('00178', '00178', 250, '000000000000089', to_date('15-APR-15 03:00:00', 'DD-MON-YYYY HH24:MI:SS'), 'Y', 'HAW', 'BOS');
insert into Reservation values ('00179', '00179', 250, '000000000000089', to_date('15-APR-15 03:00:00', 'DD-MON-YYYY HH24:MI:SS'), 'Y', 'HAW', 'BOS');
insert into Reservation values ('00180', '00180', 500, '000000000000090', to_date('18-JAN-18 01:00:00', 'DD-MON-YYYY HH24:MI:SS'), 'Y', 'MIA', 'SEA');
insert into Reservation values ('00181', '00181', 500, '000000000000090', to_date('18-JAN-18 01:00:00', 'DD-MON-YYYY HH24:MI:SS'), 'Y', 'MIA', 'SEA');
insert into Reservation values ('00182', '00182', 250, '000000000000091', to_date('13-SEP-13 01:00:00', 'DD-MON-YYYY HH24:MI:SS'), 'Y', 'PHI', 'JFK');
insert into Reservation values ('00183', '00183', 250, '000000000000091', to_date('13-SEP-13 01:00:00', 'DD-MON-YYYY HH24:MI:SS'), 'Y', 'PHI', 'JFK');
insert into Reservation values ('00184', '00184', 250, '000000000000092', to_date('18-NOV-18 02:00:00', 'DD-MON-YYYY HH24:MI:SS'), 'Y', 'PHI', 'PAR');
insert into Reservation values ('00185', '00185', 250, '000000000000092', to_date('18-NOV-18 02:00:00', 'DD-MON-YYYY HH24:MI:SS'), 'Y', 'PHI', 'PAR');
insert into Reservation values ('00186', '00186', 250, '000000000000093', to_date('03-DEC-03 01:00:00', 'DD-MON-YYYY HH24:MI:SS'), 'Y', 'PIT', 'PHI');
insert into Reservation values ('00187', '00187', 250, '000000000000093', to_date('03-DEC-03 01:00:00', 'DD-MON-YYYY HH24:MI:SS'), 'Y', 'PIT', 'PHI');
insert into Reservation values ('00188', '00188', 250, '000000000000094', to_date('12-JAN-12 01:00:00', 'DD-MON-YYYY HH24:MI:SS'), 'Y', 'SEA', 'LON');
insert into Reservation values ('00189', '00189', 250, '000000000000094', to_date('12-JAN-12 01:00:00', 'DD-MON-YYYY HH24:MI:SS'), 'Y', 'SEA', 'LON');
insert into Reservation values ('00190', '00190', 500, '000000000000095', to_date('03-OCT-03 01:00:00', 'DD-MON-YYYY HH24:MI:SS'), 'Y', 'SEA', 'AUS');
insert into Reservation values ('00191', '00191', 500, '000000000000095', to_date('03-OCT-03 01:00:00', 'DD-MON-YYYY HH24:MI:SS'), 'Y', 'SEA', 'AUS');
insert into Reservation values ('00192', '00192', 250, '000000000000096', to_date('12-APR-12 03:00:00', 'DD-MON-YYYY HH24:MI:SS'), 'Y', 'SEA', 'AUS');
insert into Reservation values ('00193', '00193', 250, '000000000000096', to_date('12-APR-12 03:00:00', 'DD-MON-YYYY HH24:MI:SS'), 'Y', 'SEA', 'AUS');
insert into Reservation values ('00194', '00194', 500, '000000000000097', to_date('06-DEC-06 01:00:00', 'DD-MON-YYYY HH24:MI:SS'), 'N', 'AUS', 'PAR');
insert into Reservation values ('00195', '00195', 500, '000000000000097', to_date('06-DEC-06 01:00:00', 'DD-MON-YYYY HH24:MI:SS'), 'N', 'AUS', 'PAR');
insert into Reservation values ('00196', '00196', 250, '000000000000098', to_date('01-JUN-01 00:00:00', 'DD-MON-YYYY HH24:MI:SS'), 'Y', 'LAX', 'MIA');
insert into Reservation values ('00197', '00197', 250, '000000000000098', to_date('01-JUN-01 00:00:00', 'DD-MON-YYYY HH24:MI:SS'), 'Y', 'LAX', 'MIA');
insert into Reservation values ('00198', '00198', 500, '000000000000099', to_date('12-OCT-12 01:00:00', 'DD-MON-YYYY HH24:MI:SS'), 'Y', 'JFK', 'MIA');
insert into Reservation values ('00199', '00199', 500, '000000000000099', to_date('12-OCT-12 01:00:00', 'DD-MON-YYYY HH24:MI:SS'), 'Y', 'JFK', 'MIA');

insert into Reservation_detail values ('00000', '000', to_date('13-AUG-13 00:00:00', 'DD-MON-YYYY HH24:MI:SS'), 1);
insert into Reservation_detail values ('00001', '000', to_date('13-AUG-13 00:00:00', 'DD-MON-YYYY HH24:MI:SS'), 1);
insert into Reservation_detail values ('00002', '001', to_date('09-APR-09 02:00:00', 'DD-MON-YYYY HH24:MI:SS'), 1);
insert into Reservation_detail values ('00003', '001', to_date('09-APR-09 02:00:00', 'DD-MON-YYYY HH24:MI:SS'), 1);
insert into Reservation_detail values ('00004', '002', to_date('03-SEP-03 03:00:00', 'DD-MON-YYYY HH24:MI:SS'), 1);
insert into Reservation_detail values ('00005', '002', to_date('03-SEP-03 03:00:00', 'DD-MON-YYYY HH24:MI:SS'), 1);
insert into Reservation_detail values ('00006', '003', to_date('05-JUL-05 01:00:00', 'DD-MON-YYYY HH24:MI:SS'), 1);
insert into Reservation_detail values ('00007', '003', to_date('05-JUL-05 01:00:00', 'DD-MON-YYYY HH24:MI:SS'), 1);
insert into Reservation_detail values ('00008', '004', to_date('03-JUN-03 02:00:00', 'DD-MON-YYYY HH24:MI:SS'), 1);
insert into Reservation_detail values ('00009', '004', to_date('03-JUN-03 02:00:00', 'DD-MON-YYYY HH24:MI:SS'), 1);
insert into Reservation_detail values ('00010', '005', to_date('08-OCT-08 03:00:00', 'DD-MON-YYYY HH24:MI:SS'), 1);
insert into Reservation_detail values ('00011', '005', to_date('08-OCT-08 03:00:00', 'DD-MON-YYYY HH24:MI:SS'), 1);
insert into Reservation_detail values ('00012', '006', to_date('00-AUG-00 00:00:00', 'DD-MON-YYYY HH24:MI:SS'), 1);
insert into Reservation_detail values ('00013', '006', to_date('00-AUG-00 00:00:00', 'DD-MON-YYYY HH24:MI:SS'), 1);
insert into Reservation_detail values ('00014', '007', to_date('04-JAN-04 03:00:00', 'DD-MON-YYYY HH24:MI:SS'), 1);
insert into Reservation_detail values ('00015', '007', to_date('04-JAN-04 03:00:00', 'DD-MON-YYYY HH24:MI:SS'), 1);
insert into Reservation_detail values ('00016', '008', to_date('10-MAY-10 01:00:00', 'DD-MON-YYYY HH24:MI:SS'), 1);
insert into Reservation_detail values ('00017', '008', to_date('10-MAY-10 01:00:00', 'DD-MON-YYYY HH24:MI:SS'), 1);
insert into Reservation_detail values ('00018', '009', to_date('12-NOV-12 01:00:00', 'DD-MON-YYYY HH24:MI:SS'), 1);
insert into Reservation_detail values ('00019', '009', to_date('12-NOV-12 01:00:00', 'DD-MON-YYYY HH24:MI:SS'), 1);
insert into Reservation_detail values ('00020', '010', to_date('03-JUL-03 03:00:00', 'DD-MON-YYYY HH24:MI:SS'), 1);
insert into Reservation_detail values ('00021', '010', to_date('03-JUL-03 03:00:00', 'DD-MON-YYYY HH24:MI:SS'), 1);
insert into Reservation_detail values ('00022', '011', to_date('19-MAY-19 02:00:00', 'DD-MON-YYYY HH24:MI:SS'), 1);
insert into Reservation_detail values ('00023', '011', to_date('19-MAY-19 02:00:00', 'DD-MON-YYYY HH24:MI:SS'), 1);
insert into Reservation_detail values ('00024', '012', to_date('05-AUG-05 00:00:00', 'DD-MON-YYYY HH24:MI:SS'), 1);
insert into Reservation_detail values ('00025', '012', to_date('05-AUG-05 00:00:00', 'DD-MON-YYYY HH24:MI:SS'), 1);
insert into Reservation_detail values ('00026', '013', to_date('11-JUN-11 03:00:00', 'DD-MON-YYYY HH24:MI:SS'), 1);
insert into Reservation_detail values ('00027', '013', to_date('11-JUN-11 03:00:00', 'DD-MON-YYYY HH24:MI:SS'), 1);
insert into Reservation_detail values ('00028', '014', to_date('00-JUN-00 01:00:00', 'DD-MON-YYYY HH24:MI:SS'), 1);
insert into Reservation_detail values ('00029', '014', to_date('00-JUN-00 01:00:00', 'DD-MON-YYYY HH24:MI:SS'), 1);
insert into Reservation_detail values ('00030', '015', to_date('19-JAN-19 02:00:00', 'DD-MON-YYYY HH24:MI:SS'), 1);
insert into Reservation_detail values ('00031', '015', to_date('19-JAN-19 02:00:00', 'DD-MON-YYYY HH24:MI:SS'), 1);
insert into Reservation_detail values ('00032', '016', to_date('04-FEB-04 02:00:00', 'DD-MON-YYYY HH24:MI:SS'), 1);
insert into Reservation_detail values ('00033', '016', to_date('04-FEB-04 02:00:00', 'DD-MON-YYYY HH24:MI:SS'), 1);
insert into Reservation_detail values ('00034', '017', to_date('15-FEB-15 01:00:00', 'DD-MON-YYYY HH24:MI:SS'), 1);
insert into Reservation_detail values ('00035', '017', to_date('15-FEB-15 01:00:00', 'DD-MON-YYYY HH24:MI:SS'), 1);
insert into Reservation_detail values ('00036', '018', to_date('00-MAY-00 03:00:00', 'DD-MON-YYYY HH24:MI:SS'), 1);
insert into Reservation_detail values ('00037', '018', to_date('00-MAY-00 03:00:00', 'DD-MON-YYYY HH24:MI:SS'), 1);
insert into Reservation_detail values ('00038', '019', to_date('17-JUN-17 00:00:00', 'DD-MON-YYYY HH24:MI:SS'), 1);
insert into Reservation_detail values ('00039', '019', to_date('17-JUN-17 00:00:00', 'DD-MON-YYYY HH24:MI:SS'), 1);
insert into Reservation_detail values ('00040', '020', to_date('19-MAY-19 00:00:00', 'DD-MON-YYYY HH24:MI:SS'), 1);
insert into Reservation_detail values ('00041', '020', to_date('19-MAY-19 00:00:00', 'DD-MON-YYYY HH24:MI:SS'), 1);
insert into Reservation_detail values ('00042', '021', to_date('03-FEB-03 01:00:00', 'DD-MON-YYYY HH24:MI:SS'), 1);
insert into Reservation_detail values ('00043', '021', to_date('03-FEB-03 01:00:00', 'DD-MON-YYYY HH24:MI:SS'), 1);
insert into Reservation_detail values ('00044', '022', to_date('03-FEB-03 03:00:00', 'DD-MON-YYYY HH24:MI:SS'), 1);
insert into Reservation_detail values ('00045', '022', to_date('03-FEB-03 03:00:00', 'DD-MON-YYYY HH24:MI:SS'), 1);
insert into Reservation_detail values ('00046', '023', to_date('05-MAY-05 03:00:00', 'DD-MON-YYYY HH24:MI:SS'), 1);
insert into Reservation_detail values ('00047', '023', to_date('05-MAY-05 03:00:00', 'DD-MON-YYYY HH24:MI:SS'), 1);
insert into Reservation_detail values ('00048', '024', to_date('13-JUL-13 01:00:00', 'DD-MON-YYYY HH24:MI:SS'), 1);
insert into Reservation_detail values ('00049', '024', to_date('13-JUL-13 01:00:00', 'DD-MON-YYYY HH24:MI:SS'), 1);
insert into Reservation_detail values ('00050', '025', to_date('02-SEP-02 01:00:00', 'DD-MON-YYYY HH24:MI:SS'), 1);
insert into Reservation_detail values ('00051', '025', to_date('02-SEP-02 01:00:00', 'DD-MON-YYYY HH24:MI:SS'), 1);
insert into Reservation_detail values ('00052', '026', to_date('01-SEP-01 01:00:00', 'DD-MON-YYYY HH24:MI:SS'), 1);
insert into Reservation_detail values ('00053', '026', to_date('01-SEP-01 01:00:00', 'DD-MON-YYYY HH24:MI:SS'), 1);
insert into Reservation_detail values ('00054', '027', to_date('04-APR-04 02:00:00', 'DD-MON-YYYY HH24:MI:SS'), 1);
insert into Reservation_detail values ('00055', '027', to_date('04-APR-04 02:00:00', 'DD-MON-YYYY HH24:MI:SS'), 1);
insert into Reservation_detail values ('00056', '028', to_date('11-OCT-11 01:00:00', 'DD-MON-YYYY HH24:MI:SS'), 1);
insert into Reservation_detail values ('00057', '028', to_date('11-OCT-11 01:00:00', 'DD-MON-YYYY HH24:MI:SS'), 1);
insert into Reservation_detail values ('00058', '029', to_date('13-JUN-13 01:00:00', 'DD-MON-YYYY HH24:MI:SS'), 1);
insert into Reservation_detail values ('00059', '029', to_date('13-JUN-13 01:00:00', 'DD-MON-YYYY HH24:MI:SS'), 1);
insert into Reservation_detail values ('00060', '030', to_date('17-OCT-17 03:00:00', 'DD-MON-YYYY HH24:MI:SS'), 1);
insert into Reservation_detail values ('00061', '030', to_date('17-OCT-17 03:00:00', 'DD-MON-YYYY HH24:MI:SS'), 1);
insert into Reservation_detail values ('00062', '031', to_date('15-OCT-15 03:00:00', 'DD-MON-YYYY HH24:MI:SS'), 1);
insert into Reservation_detail values ('00063', '031', to_date('15-OCT-15 03:00:00', 'DD-MON-YYYY HH24:MI:SS'), 1);
insert into Reservation_detail values ('00064', '032', to_date('13-SEP-13 03:00:00', 'DD-MON-YYYY HH24:MI:SS'), 1);
insert into Reservation_detail values ('00065', '032', to_date('13-SEP-13 03:00:00', 'DD-MON-YYYY HH24:MI:SS'), 1);
insert into Reservation_detail values ('00066', '033', to_date('10-AUG-10 02:00:00', 'DD-MON-YYYY HH24:MI:SS'), 1);
insert into Reservation_detail values ('00067', '033', to_date('10-AUG-10 02:00:00', 'DD-MON-YYYY HH24:MI:SS'), 1);
insert into Reservation_detail values ('00068', '034', to_date('11-NOV-11 00:00:00', 'DD-MON-YYYY HH24:MI:SS'), 1);
insert into Reservation_detail values ('00069', '034', to_date('11-NOV-11 00:00:00', 'DD-MON-YYYY HH24:MI:SS'), 1);
insert into Reservation_detail values ('00070', '035', to_date('19-FEB-19 00:00:00', 'DD-MON-YYYY HH24:MI:SS'), 1);
insert into Reservation_detail values ('00071', '035', to_date('19-FEB-19 00:00:00', 'DD-MON-YYYY HH24:MI:SS'), 1);
insert into Reservation_detail values ('00072', '036', to_date('08-SEP-08 01:00:00', 'DD-MON-YYYY HH24:MI:SS'), 1);
insert into Reservation_detail values ('00073', '036', to_date('08-SEP-08 01:00:00', 'DD-MON-YYYY HH24:MI:SS'), 1);
insert into Reservation_detail values ('00074', '037', to_date('15-OCT-15 02:00:00', 'DD-MON-YYYY HH24:MI:SS'), 1);
insert into Reservation_detail values ('00075', '037', to_date('15-OCT-15 02:00:00', 'DD-MON-YYYY HH24:MI:SS'), 1);
insert into Reservation_detail values ('00076', '038', to_date('13-MAR-13 02:00:00', 'DD-MON-YYYY HH24:MI:SS'), 1);
insert into Reservation_detail values ('00077', '038', to_date('13-MAR-13 02:00:00', 'DD-MON-YYYY HH24:MI:SS'), 1);
insert into Reservation_detail values ('00078', '039', to_date('06-MAR-06 01:00:00', 'DD-MON-YYYY HH24:MI:SS'), 1);
insert into Reservation_detail values ('00079', '039', to_date('06-MAR-06 01:00:00', 'DD-MON-YYYY HH24:MI:SS'), 1);
insert into Reservation_detail values ('00080', '040', to_date('01-MAR-01 00:00:00', 'DD-MON-YYYY HH24:MI:SS'), 1);
insert into Reservation_detail values ('00081', '040', to_date('01-MAR-01 00:00:00', 'DD-MON-YYYY HH24:MI:SS'), 1);
insert into Reservation_detail values ('00082', '041', to_date('03-JAN-03 02:00:00', 'DD-MON-YYYY HH24:MI:SS'), 1);
insert into Reservation_detail values ('00083', '041', to_date('03-JAN-03 02:00:00', 'DD-MON-YYYY HH24:MI:SS'), 1);
insert into Reservation_detail values ('00084', '042', to_date('04-JUL-04 03:00:00', 'DD-MON-YYYY HH24:MI:SS'), 1);
insert into Reservation_detail values ('00085', '042', to_date('04-JUL-04 03:00:00', 'DD-MON-YYYY HH24:MI:SS'), 1);
insert into Reservation_detail values ('00086', '043', to_date('05-NOV-05 02:00:00', 'DD-MON-YYYY HH24:MI:SS'), 1);
insert into Reservation_detail values ('00087', '043', to_date('05-NOV-05 02:00:00', 'DD-MON-YYYY HH24:MI:SS'), 1);
insert into Reservation_detail values ('00088', '044', to_date('15-MAY-15 02:00:00', 'DD-MON-YYYY HH24:MI:SS'), 1);
insert into Reservation_detail values ('00089', '044', to_date('15-MAY-15 02:00:00', 'DD-MON-YYYY HH24:MI:SS'), 1);
insert into Reservation_detail values ('00090', '045', to_date('07-SEP-07 02:00:00', 'DD-MON-YYYY HH24:MI:SS'), 1);
insert into Reservation_detail values ('00091', '045', to_date('07-SEP-07 02:00:00', 'DD-MON-YYYY HH24:MI:SS'), 1);
insert into Reservation_detail values ('00092', '046', to_date('14-MAR-14 00:00:00', 'DD-MON-YYYY HH24:MI:SS'), 1);
insert into Reservation_detail values ('00093', '046', to_date('14-MAR-14 00:00:00', 'DD-MON-YYYY HH24:MI:SS'), 1);
insert into Reservation_detail values ('00094', '047', to_date('00-NOV-00 00:00:00', 'DD-MON-YYYY HH24:MI:SS'), 1);
insert into Reservation_detail values ('00095', '047', to_date('00-NOV-00 00:00:00', 'DD-MON-YYYY HH24:MI:SS'), 1);
insert into Reservation_detail values ('00096', '048', to_date('03-MAY-03 00:00:00', 'DD-MON-YYYY HH24:MI:SS'), 1);
insert into Reservation_detail values ('00097', '048', to_date('03-MAY-03 00:00:00', 'DD-MON-YYYY HH24:MI:SS'), 1);
insert into Reservation_detail values ('00098', '049', to_date('12-DEC-12 01:00:00', 'DD-MON-YYYY HH24:MI:SS'), 1);
insert into Reservation_detail values ('00099', '049', to_date('12-DEC-12 01:00:00', 'DD-MON-YYYY HH24:MI:SS'), 1);
insert into Reservation_detail values ('00100', '050', to_date('03-NOV-03 03:00:00', 'DD-MON-YYYY HH24:MI:SS'), 1);
insert into Reservation_detail values ('00101', '050', to_date('03-NOV-03 03:00:00', 'DD-MON-YYYY HH24:MI:SS'), 1);
insert into Reservation_detail values ('00102', '051', to_date('17-OCT-17 02:00:00', 'DD-MON-YYYY HH24:MI:SS'), 1);
insert into Reservation_detail values ('00103', '051', to_date('17-OCT-17 02:00:00', 'DD-MON-YYYY HH24:MI:SS'), 1);
insert into Reservation_detail values ('00104', '052', to_date('11-MAY-11 02:00:00', 'DD-MON-YYYY HH24:MI:SS'), 1);
insert into Reservation_detail values ('00105', '052', to_date('11-MAY-11 02:00:00', 'DD-MON-YYYY HH24:MI:SS'), 1);
insert into Reservation_detail values ('00106', '053', to_date('17-APR-17 03:00:00', 'DD-MON-YYYY HH24:MI:SS'), 1);
insert into Reservation_detail values ('00107', '053', to_date('17-APR-17 03:00:00', 'DD-MON-YYYY HH24:MI:SS'), 1);
insert into Reservation_detail values ('00108', '054', to_date('00-NOV-00 02:00:00', 'DD-MON-YYYY HH24:MI:SS'), 1);
insert into Reservation_detail values ('00109', '054', to_date('00-NOV-00 02:00:00', 'DD-MON-YYYY HH24:MI:SS'), 1);
insert into Reservation_detail values ('00110', '055', to_date('03-NOV-03 02:00:00', 'DD-MON-YYYY HH24:MI:SS'), 1);
insert into Reservation_detail values ('00111', '055', to_date('03-NOV-03 02:00:00', 'DD-MON-YYYY HH24:MI:SS'), 1);
insert into Reservation_detail values ('00112', '056', to_date('16-JUL-16 01:00:00', 'DD-MON-YYYY HH24:MI:SS'), 1);
insert into Reservation_detail values ('00113', '056', to_date('16-JUL-16 01:00:00', 'DD-MON-YYYY HH24:MI:SS'), 1);
insert into Reservation_detail values ('00114', '057', to_date('02-NOV-02 02:00:00', 'DD-MON-YYYY HH24:MI:SS'), 1);
insert into Reservation_detail values ('00115', '057', to_date('02-NOV-02 02:00:00', 'DD-MON-YYYY HH24:MI:SS'), 1);
insert into Reservation_detail values ('00116', '058', to_date('08-APR-08 01:00:00', 'DD-MON-YYYY HH24:MI:SS'), 1);
insert into Reservation_detail values ('00117', '058', to_date('08-APR-08 01:00:00', 'DD-MON-YYYY HH24:MI:SS'), 1);
insert into Reservation_detail values ('00118', '059', to_date('00-OCT-00 03:00:00', 'DD-MON-YYYY HH24:MI:SS'), 1);
insert into Reservation_detail values ('00119', '059', to_date('00-OCT-00 03:00:00', 'DD-MON-YYYY HH24:MI:SS'), 1);
insert into Reservation_detail values ('00120', '060', to_date('17-NOV-17 03:00:00', 'DD-MON-YYYY HH24:MI:SS'), 1);
insert into Reservation_detail values ('00121', '060', to_date('17-NOV-17 03:00:00', 'DD-MON-YYYY HH24:MI:SS'), 1);
insert into Reservation_detail values ('00122', '061', to_date('14-NOV-14 03:00:00', 'DD-MON-YYYY HH24:MI:SS'), 1);
insert into Reservation_detail values ('00123', '061', to_date('14-NOV-14 03:00:00', 'DD-MON-YYYY HH24:MI:SS'), 1);
insert into Reservation_detail values ('00124', '062', to_date('16-OCT-16 02:00:00', 'DD-MON-YYYY HH24:MI:SS'), 1);
insert into Reservation_detail values ('00125', '062', to_date('16-OCT-16 02:00:00', 'DD-MON-YYYY HH24:MI:SS'), 1);
insert into Reservation_detail values ('00126', '063', to_date('13-FEB-13 01:00:00', 'DD-MON-YYYY HH24:MI:SS'), 1);
insert into Reservation_detail values ('00127', '063', to_date('13-FEB-13 01:00:00', 'DD-MON-YYYY HH24:MI:SS'), 1);
insert into Reservation_detail values ('00128', '064', to_date('15-JUL-15 03:00:00', 'DD-MON-YYYY HH24:MI:SS'), 1);
insert into Reservation_detail values ('00129', '064', to_date('15-JUL-15 03:00:00', 'DD-MON-YYYY HH24:MI:SS'), 1);
insert into Reservation_detail values ('00130', '065', to_date('11-MAY-11 02:00:00', 'DD-MON-YYYY HH24:MI:SS'), 1);
insert into Reservation_detail values ('00131', '065', to_date('11-MAY-11 02:00:00', 'DD-MON-YYYY HH24:MI:SS'), 1);
insert into Reservation_detail values ('00132', '066', to_date('07-FEB-07 00:00:00', 'DD-MON-YYYY HH24:MI:SS'), 1);
insert into Reservation_detail values ('00133', '066', to_date('07-FEB-07 00:00:00', 'DD-MON-YYYY HH24:MI:SS'), 1);
insert into Reservation_detail values ('00134', '067', to_date('17-MAY-17 00:00:00', 'DD-MON-YYYY HH24:MI:SS'), 1);
insert into Reservation_detail values ('00135', '067', to_date('17-MAY-17 00:00:00', 'DD-MON-YYYY HH24:MI:SS'), 1);
insert into Reservation_detail values ('00136', '068', to_date('05-NOV-05 02:00:00', 'DD-MON-YYYY HH24:MI:SS'), 1);
insert into Reservation_detail values ('00137', '068', to_date('05-NOV-05 02:00:00', 'DD-MON-YYYY HH24:MI:SS'), 1);
insert into Reservation_detail values ('00138', '069', to_date('09-MAY-09 00:00:00', 'DD-MON-YYYY HH24:MI:SS'), 1);
insert into Reservation_detail values ('00139', '069', to_date('09-MAY-09 00:00:00', 'DD-MON-YYYY HH24:MI:SS'), 1);
insert into Reservation_detail values ('00140', '070', to_date('13-JAN-13 00:00:00', 'DD-MON-YYYY HH24:MI:SS'), 1);
insert into Reservation_detail values ('00141', '070', to_date('13-JAN-13 00:00:00', 'DD-MON-YYYY HH24:MI:SS'), 1);
insert into Reservation_detail values ('00142', '071', to_date('04-DEC-04 00:00:00', 'DD-MON-YYYY HH24:MI:SS'), 1);
insert into Reservation_detail values ('00143', '071', to_date('04-DEC-04 00:00:00', 'DD-MON-YYYY HH24:MI:SS'), 1);
insert into Reservation_detail values ('00144', '072', to_date('01-MAR-01 00:00:00', 'DD-MON-YYYY HH24:MI:SS'), 1);
insert into Reservation_detail values ('00145', '072', to_date('01-MAR-01 00:00:00', 'DD-MON-YYYY HH24:MI:SS'), 1);
insert into Reservation_detail values ('00146', '073', to_date('01-JUL-01 00:00:00', 'DD-MON-YYYY HH24:MI:SS'), 1);
insert into Reservation_detail values ('00147', '073', to_date('01-JUL-01 00:00:00', 'DD-MON-YYYY HH24:MI:SS'), 1);
insert into Reservation_detail values ('00148', '074', to_date('08-JUL-08 03:00:00', 'DD-MON-YYYY HH24:MI:SS'), 1);
insert into Reservation_detail values ('00149', '074', to_date('08-JUL-08 03:00:00', 'DD-MON-YYYY HH24:MI:SS'), 1);
insert into Reservation_detail values ('00150', '075', to_date('18-JAN-18 00:00:00', 'DD-MON-YYYY HH24:MI:SS'), 1);
insert into Reservation_detail values ('00151', '075', to_date('18-JAN-18 00:00:00', 'DD-MON-YYYY HH24:MI:SS'), 1);
insert into Reservation_detail values ('00152', '076', to_date('12-JUL-12 02:00:00', 'DD-MON-YYYY HH24:MI:SS'), 1);
insert into Reservation_detail values ('00153', '076', to_date('12-JUL-12 02:00:00', 'DD-MON-YYYY HH24:MI:SS'), 1);
insert into Reservation_detail values ('00154', '077', to_date('03-OCT-03 03:00:00', 'DD-MON-YYYY HH24:MI:SS'), 1);
insert into Reservation_detail values ('00155', '077', to_date('03-OCT-03 03:00:00', 'DD-MON-YYYY HH24:MI:SS'), 1);
insert into Reservation_detail values ('00156', '078', to_date('11-OCT-11 03:00:00', 'DD-MON-YYYY HH24:MI:SS'), 1);
insert into Reservation_detail values ('00157', '078', to_date('11-OCT-11 03:00:00', 'DD-MON-YYYY HH24:MI:SS'), 1);
insert into Reservation_detail values ('00158', '079', to_date('05-MAR-05 00:00:00', 'DD-MON-YYYY HH24:MI:SS'), 1);
insert into Reservation_detail values ('00159', '079', to_date('05-MAR-05 00:00:00', 'DD-MON-YYYY HH24:MI:SS'), 1);
insert into Reservation_detail values ('00160', '080', to_date('16-AUG-16 02:00:00', 'DD-MON-YYYY HH24:MI:SS'), 1);
insert into Reservation_detail values ('00161', '080', to_date('16-AUG-16 02:00:00', 'DD-MON-YYYY HH24:MI:SS'), 1);
insert into Reservation_detail values ('00162', '081', to_date('18-OCT-18 02:00:00', 'DD-MON-YYYY HH24:MI:SS'), 1);
insert into Reservation_detail values ('00163', '081', to_date('18-OCT-18 02:00:00', 'DD-MON-YYYY HH24:MI:SS'), 1);
insert into Reservation_detail values ('00164', '082', to_date('11-DEC-11 02:00:00', 'DD-MON-YYYY HH24:MI:SS'), 1);
insert into Reservation_detail values ('00165', '082', to_date('11-DEC-11 02:00:00', 'DD-MON-YYYY HH24:MI:SS'), 1);
insert into Reservation_detail values ('00166', '083', to_date('13-NOV-13 02:00:00', 'DD-MON-YYYY HH24:MI:SS'), 1);
insert into Reservation_detail values ('00167', '083', to_date('13-NOV-13 02:00:00', 'DD-MON-YYYY HH24:MI:SS'), 1);
insert into Reservation_detail values ('00168', '084', to_date('13-JUN-13 01:00:00', 'DD-MON-YYYY HH24:MI:SS'), 1);
insert into Reservation_detail values ('00169', '084', to_date('13-JUN-13 01:00:00', 'DD-MON-YYYY HH24:MI:SS'), 1);
insert into Reservation_detail values ('00170', '085', to_date('15-FEB-15 03:00:00', 'DD-MON-YYYY HH24:MI:SS'), 1);
insert into Reservation_detail values ('00171', '085', to_date('15-FEB-15 03:00:00', 'DD-MON-YYYY HH24:MI:SS'), 1);
insert into Reservation_detail values ('00172', '086', to_date('08-FEB-08 01:00:00', 'DD-MON-YYYY HH24:MI:SS'), 1);
insert into Reservation_detail values ('00173', '086', to_date('08-FEB-08 01:00:00', 'DD-MON-YYYY HH24:MI:SS'), 1);
insert into Reservation_detail values ('00174', '087', to_date('05-APR-05 02:00:00', 'DD-MON-YYYY HH24:MI:SS'), 1);
insert into Reservation_detail values ('00175', '087', to_date('05-APR-05 02:00:00', 'DD-MON-YYYY HH24:MI:SS'), 1);
insert into Reservation_detail values ('00176', '088', to_date('02-JUN-02 00:00:00', 'DD-MON-YYYY HH24:MI:SS'), 1);
insert into Reservation_detail values ('00177', '088', to_date('02-JUN-02 00:00:00', 'DD-MON-YYYY HH24:MI:SS'), 1);
insert into Reservation_detail values ('00178', '089', to_date('15-APR-15 03:00:00', 'DD-MON-YYYY HH24:MI:SS'), 1);
insert into Reservation_detail values ('00179', '089', to_date('15-APR-15 03:00:00', 'DD-MON-YYYY HH24:MI:SS'), 1);
insert into Reservation_detail values ('00180', '090', to_date('18-JAN-18 01:00:00', 'DD-MON-YYYY HH24:MI:SS'), 1);
insert into Reservation_detail values ('00181', '090', to_date('18-JAN-18 01:00:00', 'DD-MON-YYYY HH24:MI:SS'), 1);
insert into Reservation_detail values ('00182', '091', to_date('13-SEP-13 01:00:00', 'DD-MON-YYYY HH24:MI:SS'), 1);
insert into Reservation_detail values ('00183', '091', to_date('13-SEP-13 01:00:00', 'DD-MON-YYYY HH24:MI:SS'), 1);
insert into Reservation_detail values ('00184', '092', to_date('18-NOV-18 02:00:00', 'DD-MON-YYYY HH24:MI:SS'), 1);
insert into Reservation_detail values ('00185', '092', to_date('18-NOV-18 02:00:00', 'DD-MON-YYYY HH24:MI:SS'), 1);
insert into Reservation_detail values ('00186', '093', to_date('03-DEC-03 01:00:00', 'DD-MON-YYYY HH24:MI:SS'), 1);
insert into Reservation_detail values ('00187', '093', to_date('03-DEC-03 01:00:00', 'DD-MON-YYYY HH24:MI:SS'), 1);
insert into Reservation_detail values ('00188', '094', to_date('12-JAN-12 01:00:00', 'DD-MON-YYYY HH24:MI:SS'), 1);
insert into Reservation_detail values ('00189', '094', to_date('12-JAN-12 01:00:00', 'DD-MON-YYYY HH24:MI:SS'), 1);
insert into Reservation_detail values ('00190', '095', to_date('03-OCT-03 01:00:00', 'DD-MON-YYYY HH24:MI:SS'), 1);
insert into Reservation_detail values ('00191', '095', to_date('03-OCT-03 01:00:00', 'DD-MON-YYYY HH24:MI:SS'), 1);
insert into Reservation_detail values ('00192', '096', to_date('12-APR-12 03:00:00', 'DD-MON-YYYY HH24:MI:SS'), 1);
insert into Reservation_detail values ('00193', '096', to_date('12-APR-12 03:00:00', 'DD-MON-YYYY HH24:MI:SS'), 1);
insert into Reservation_detail values ('00194', '097', to_date('06-DEC-06 01:00:00', 'DD-MON-YYYY HH24:MI:SS'), 1);
insert into Reservation_detail values ('00195', '097', to_date('06-DEC-06 01:00:00', 'DD-MON-YYYY HH24:MI:SS'), 1);
insert into Reservation_detail values ('00196', '098', to_date('01-JUN-01 00:00:00', 'DD-MON-YYYY HH24:MI:SS'), 1);
insert into Reservation_detail values ('00197', '098', to_date('01-JUN-01 00:00:00', 'DD-MON-YYYY HH24:MI:SS'), 1);
insert into Reservation_detail values ('00198', '099', to_date('12-OCT-12 01:00:00', 'DD-MON-YYYY HH24:MI:SS'), 1);
insert into Reservation_detail values ('00199', '099', to_date('12-OCT-12 01:00:00', 'DD-MON-YYYY HH24:MI:SS'), 1);

